,Dairy farm products,Poultry & eggs,Meat animals & misc livestock,"Cotton, food grains, tobacco, fruits, vegetables",Coal mining,Crude petroleum & natural gas,Stone & clay mining,Chemical & fertilizer mineral mining,New construction,Maintenance & repair construction,Ordnance & accessories,Meat products,Dairy products,Canned & frozen foods,Grain mill products,Bakery products,Sugar,Confectionery products,Alcoholic beverages,Soft drinks & flavorings,Tobacco manufactures,Fabrics & yarn,"Floor covering, misc textiles",Lumber & wood products,Wooden containers,Household furniture,Other furniture & fixtures,Paper & paperboard,Paper containers & products,Printing & publishing,Basic chemicals,Synthetic materials,"Drugs, cleaning & toilet items",Paints & allied products,Petroleum refining,Rubber & plastic products,Leather tanning & finishing,Footwear & leather products,Glass & glass products,Stone & clay products,Primary iron & steel,Primary nonferrous metals,Metal containers,"Heating, plumbing, structural metal",Screw machine products,Other fabricated metal products,Engines & turbines,Farm machinery,Construction & mining machinery,Materials handling equipment,Metalworking machinery,Special industry machinery,General industrial machinery,Machine shop products,Office & computing machines,Service industry machines,Electric industrial equipment,Household appliances,Electric lighting & wiring,"Radio, TV, communication equipment",Electronic components,Misc electrical machinery,Motor vehicles & equipment,Aircraft & parts,Transportation & warehousing,Communications except radio & TV,Radio & TV broadcasting,"Electric, gas, water & sanitary services",Wholesale trade,Retail trade,Finance & insurance,Real estate & rental,Hotels & personal services,Business services,Eating & drinking places,Automobile repair & services,Amusements,"Medical, educational services & nonprofit orgs",Federal government enterprises,State & local government enterprises,Gross imports of goods & services,"Business travel, entertainment, gifts",Office supplies,"Scrap, used & secondhand goods",Government industry
Dairy farm products,1.30625,0.07638,0.08008,0.10563,0.00245,0.00203,0.00237,0.00381,0.00238,0.0022,0.00384,0.00293,0.00334,0.35807,0.01892,0.02652,0.05585,0.01147,0.01806,0.01133,0.00613,0.00648,0.00425,0.00652,0.0042,0.00429,0.00622,0.00693,0.01503,0.01624,0.00353,0.00619,0.00277,0.00544,0.00263,0.0031,0.0018,0.0021,0.00486,0.00303,0.00196,0.00255,0.00274,0.00254,0.00238,0.00262,0.00249,0.00351,0.00293,0.00297,0.00503,0.00355,0.00345,0.00345,0.00294,0.0029,0.00368,0.00288,0.00266,0.00327,0.00342,0.00463,0.00255,0.00499,0.00341,0.00147,0.00918,0.00169,0.00502,0.00388,0.01579,0.00431,0.00474,0.0,0.00237,0.01636,0.00787,0.00157,0.00215,0.0,0.10249,0.00474,0.0,0.0,0.0
Poultry & eggs,0.39445,1.06771,0.08926,0.23337,0.00263,0.00208,0.00298,0.00393,0.00253,0.00212,0.00583,0.00378,0.00315,0.20677,0.2439,0.12385,0.04719,0.04301,0.05868,0.02552,0.01151,0.01356,0.0061,0.00754,0.00462,0.00442,0.00685,0.0067,0.0101,0.03176,0.00344,0.00817,0.00236,0.00902,0.00285,0.00344,0.00181,0.00209,0.00455,0.00294,0.00204,0.00259,0.00249,0.00247,0.00231,0.0025,0.00229,0.00324,0.00265,0.00268,0.00432,0.00348,0.00317,0.00387,0.00293,0.00273,0.00328,0.00278,0.0035,0.00304,0.00389,0.00694,0.00246,0.00769,0.00368,0.00133,0.01341,0.0017,0.00418,0.00335,0.01734,0.00475,0.00454,0.0,0.00238,0.03615,0.00611,0.00164,0.00246,0.0,0.07446,0.0054,0.0,0.0,0.0
Meat animals & misc livestock,0.0013,0.00057,1.01823,0.00079,0.00048,0.00108,0.00108,0.00025,0.00036,0.00039,0.00675,0.00221,0.00132,0.00671,0.00045,0.00061,0.00081,0.00987,0.00104,0.10884,0.04141,0.01564,0.00754,0.00967,0.00444,0.00195,0.00154,0.00124,0.00114,0.00133,0.00034,0.00105,0.00037,0.00185,0.00175,0.00091,0.00066,0.00095,0.00087,0.00089,0.00092,0.00099,0.00053,0.0007,0.0006,0.00062,0.00049,0.00102,0.0008,0.00045,0.00061,0.00085,0.00074,0.00094,0.00067,0.00079,0.00064,0.00072,0.00064,0.00054,0.00497,0.00086,0.00059,0.0029,0.00037,0.0002,0.00043,0.00032,0.00043,0.0004,0.00031,0.00054,0.00067,0.0,0.00032,0.0004,0.00041,0.00017,0.00058,0.0,0.0067,0.00355,0.0,0.0,0.0
"Cotton, food grains, tobacco, fruits, vegetables",0.04441,0.0517,0.02929,1.01315,0.00037,0.00028,0.00037,0.00058,0.00031,0.00027,0.00268,0.00123,0.00034,0.01705,0.01189,0.00648,0.00347,0.0026,0.00326,0.00404,0.00174,0.00126,0.00066,0.00083,0.00053,0.0005,0.00063,0.00064,0.00097,0.00201,0.00048,0.00065,0.00032,0.0007,0.00035,0.00038,0.00025,0.00028,0.00044,0.00035,0.00026,0.0003,0.0003,0.0003,0.00029,0.00031,0.00028,0.00039,0.00032,0.00032,0.00048,0.00039,0.00036,0.00041,0.00033,0.00031,0.00036,0.00033,0.00034,0.00033,0.00049,0.00057,0.00029,0.00066,0.0004,0.00018,0.00184,0.00027,0.0013,0.00038,0.00269,0.00052,0.00053,0.0,0.00035,0.00547,0.00061,0.0002,0.00054,0.0,0.00592,0.00057,0.0,0.0,0.0
Coal mining,0.00063,0.00078,0.00087,0.00043,1.05798,0.00608,0.00224,0.00114,0.0023,0.00308,0.00404,0.0027,0.00494,0.00124,0.00036,0.00075,0.00079,0.00048,0.00077,0.00113,0.00106,0.0026,0.00738,0.00083,0.00127,0.0007,0.00416,0.00187,0.00153,0.00313,0.00094,0.00134,0.00048,0.00075,0.00061,0.00275,0.06366,0.00317,0.02459,0.01756,0.01679,0.01302,0.00982,0.0118,0.0129,0.01021,0.00744,0.00792,0.00943,0.00707,0.00242,0.00761,0.00517,0.00756,0.00599,0.00183,0.0024,0.00367,0.00912,0.0035,0.01041,0.0036,0.00137,0.00291,0.00086,0.00019,0.00022,0.00055,0.00031,0.00019,0.00042,0.00064,0.00068,0.0,0.00244,0.00027,0.00028,0.00024,0.00083,0.0,0.00092,0.00127,0.0,0.0,0.0
Crude petroleum & natural gas,0.00056,0.00088,0.00046,0.00042,0.02395,1.15012,0.00103,0.0006,0.00339,0.00412,0.00435,0.0022,0.00466,0.0007,0.00038,0.00097,0.00106,0.0006,0.00081,0.00071,0.00063,0.00176,0.00268,0.00083,0.0011,0.00074,0.0067,0.00296,0.00141,0.00333,0.00078,0.0014,0.00058,0.00069,0.00129,0.00272,0.00782,0.08743,0.00696,0.00928,0.00766,0.00851,0.00764,0.00447,0.00366,0.00576,0.00442,0.00478,0.00598,0.00506,0.00308,0.008,0.00748,0.007,0.00768,0.00327,0.00481,0.01464,0.00458,0.00523,0.00611,0.00535,0.00477,0.00475,0.00058,0.00023,0.00025,0.00043,0.00028,0.00018,0.00044,0.00066,0.00055,0.0,0.00155,0.0003,0.00028,0.00018,0.00067,0.0,0.00069,0.00167,0.0,0.0,0.0
Stone & clay mining,0.00155,0.00162,0.0009,0.00113,0.00288,0.00345,1.14708,0.00143,0.00601,0.00335,0.00343,0.0022,0.00365,0.00252,0.00132,0.00419,0.00364,0.00233,0.00328,0.00204,0.00197,0.00308,0.0051,0.00799,0.00456,0.00247,0.00745,0.00819,0.00277,0.00419,0.00239,0.00399,0.0033,0.00216,0.00326,0.00984,0.0316,0.00403,0.01315,0.00971,0.00954,0.00775,0.00643,0.00732,0.0077,0.00623,0.00461,0.0049,0.00581,0.00459,0.00215,0.00522,0.00406,0.00556,0.00437,0.00188,0.00256,0.0035,0.00609,0.00269,0.00645,0.00296,0.00177,0.00306,0.00163,0.0006,0.0012,0.03657,0.00124,0.00117,0.00113,0.00189,0.00134,0.0,0.00222,0.00102,0.00195,0.01168,0.01337,0.0,0.00186,0.00372,0.0,0.0,0.0
Chemical & fertilizer mineral mining,0.01572,0.02481,0.01332,0.00887,0.00877,0.00976,0.01235,1.03133,0.02285,0.00937,0.01472,0.01747,0.00713,0.01201,0.0077,0.01424,0.01319,0.00823,0.00987,0.0124,0.00883,0.00778,0.00684,0.01313,0.01213,0.00719,0.05708,0.03162,0.01335,0.02698,0.47988,0.01256,0.00835,0.00639,0.00985,0.01572,0.01042,0.00922,0.00846,0.00815,0.00715,0.00829,0.00775,0.00683,0.00722,0.00642,0.00702,0.00718,0.00724,0.01035,0.00492,0.00739,0.00771,0.00767,0.00668,0.00495,0.00654,0.00725,0.00705,0.00678,0.00713,0.00624,0.00648,0.00786,0.02414,0.00374,0.00464,0.09534,0.00772,0.00439,0.00797,0.01062,0.00522,0.0,0.00993,0.00581,0.00762,0.00802,0.02104,0.0,0.01597,0.00872,0.0,0.0,0.0
New construction,0.00267,0.00576,0.00082,0.00159,0.00347,0.00424,0.00225,0.00146,1.03289,0.00847,0.01614,0.01498,0.00104,0.00204,0.00157,0.00175,0.00156,0.00087,0.0012,0.00173,0.00138,0.00165,0.00151,0.00535,0.00267,0.00136,0.00503,0.00254,0.00197,0.00861,0.00403,0.00215,0.00078,0.00076,0.01461,0.08493,0.00402,0.00145,0.00236,0.00204,0.00171,0.00196,0.00201,0.00152,0.00195,0.00154,0.0018,0.00151,0.00209,0.0016,0.00095,0.00215,0.00193,0.00205,0.00228,0.0009,0.0018,0.00168,0.0016,0.00094,0.00175,0.00165,0.00105,0.00178,0.00097,0.00059,0.00047,0.00139,0.00055,0.0004,0.00154,0.00097,0.00077,0.0,0.00131,0.00076,0.00064,0.00041,0.00313,0.0,0.0013,0.00224,0.0,0.0,0.0
Maintenance & repair construction,0.00172,0.0038,0.00065,0.00137,0.00401,0.00339,0.00095,0.00063,0.00218,1.06448,0.00111,0.0009,0.00139,0.00145,0.00131,0.004,0.00394,0.00191,0.00245,0.0011,0.00079,0.00126,0.00108,0.00426,0.00283,0.00169,0.03554,0.01326,0.0059,0.00927,0.00136,0.00509,0.00241,0.00145,0.00275,0.00594,0.0022,0.00135,0.00143,0.00104,0.00101,0.00188,0.00074,0.00083,0.00078,0.00072,0.00063,0.00062,0.00075,0.00062,0.00058,0.00101,0.00097,0.00131,0.00114,0.00062,0.0013,0.00166,0.00096,0.00051,0.00089,0.00095,0.0022,0.00143,0.00036,0.00012,0.00024,0.00044,0.00028,0.00022,0.00038,0.00062,0.00061,0.0,0.00049,0.00048,0.00039,0.00018,0.00123,0.0,0.0008,0.00239,0.0,0.0,0.0
Ordnance & accessories,0.0,0.0,0.0,0.0,0.0,0.0,0.0,0.0,0.0,0.0,1.0,0.0,0.0,0.0,0.0,0.0,0.0,0.0,0.0,0.0,0.0,0.0,0.0,0.0,0.0,0.0,0.0,0.0,0.0,0.0,0.0,0.0,0.0,0.0,0.0,0.0,0.0,0.0,0.0,0.0,0.0,0.0,0.0,0.0,0.0,0.0,0.0,0.0,0.0,0.0,0.0,0.0,0.0,0.0,0.0,0.0,0.0,0.0,0.0,0.0,0.0,0.0,0.0,0.0,0.0,0.0,0.0,0.0,0.0,0.0,0.0,0.0,0.0,0.0,0.0,0.0,0.0,0.0,0.0,0.0,0.0,0.0,0.0,0.0,0.0
Meat products,0.02641,0.02772,0.00742,0.01173,0.03208,0.02133,0.019,0.04783,0.01964,0.01921,0.01205,1.00857,0.01143,0.0198,0.0108,0.0179,0.01612,0.01202,0.0139,0.01549,0.01348,0.01418,0.0144,0.01967,0.01862,0.01555,0.02459,0.02267,0.01719,0.02026,0.044,0.01531,0.00987,0.01027,0.01965,0.0236,0.02298,0.01527,0.01568,0.01654,0.01557,0.01443,0.01407,0.01378,0.01487,0.01336,0.01233,0.01422,0.0138,0.01278,0.01305,0.01445,0.01342,0.0155,0.01338,0.01108,0.0131,0.01306,0.01372,0.01236,0.01432,0.01291,0.01217,0.01265,0.0407,0.03341,0.01697,0.07628,0.01269,0.01316,0.07094,0.02099,0.01535,0.0,0.01304,0.02574,0.02574,0.01692,0.1922,0.0,0.02726,0.01579,0.0,0.0,0.0
Dairy products,0.00014,0.00018,0.00014,0.00011,0.00016,0.00024,0.00023,0.00019,0.00024,0.00014,0.00044,0.0003,1.08395,0.00016,0.0001,0.0002,0.00021,0.00015,0.0002,0.00024,0.00082,0.00169,0.00394,0.00019,0.00017,0.0004,0.00082,0.0004,0.00028,0.00034,0.00017,0.00053,0.00013,0.0002,0.00015,0.00021,0.00033,0.00022,0.0004,0.0016,0.00076,0.0016,0.00894,0.00183,0.00215,0.00116,0.00074,0.00321,0.00139,0.00083,0.00079,0.00144,0.003,0.00071,0.00189,0.01145,0.00103,0.00056,0.00122,0.02622,0.00492,0.0049,0.00058,0.00096,0.00032,0.00018,0.00019,0.0001,0.00037,0.0001,0.00019,0.00023,0.00023,0.0,0.00034,0.00013,0.00013,8e-05,0.00014,0.0,0.00191,0.00045,0.0,0.0,0.0
Canned & frozen foods,0.19297,0.01658,0.0317,0.0394,0.00337,0.00425,0.00367,0.00448,0.00463,0.00462,0.00775,0.00746,0.00927,1.26514,0.00805,0.0148,0.01655,0.0095,0.01097,0.00785,0.00794,0.00819,0.00645,0.01642,0.01018,0.00987,0.01749,0.01997,0.04415,0.04825,0.00629,0.01092,0.00738,0.00722,0.00617,0.0071,0.00444,0.00526,0.0143,0.00799,0.00474,0.00617,0.00742,0.00644,0.00592,0.00654,0.00649,0.00886,0.00777,0.00727,0.01352,0.00937,0.00915,0.00838,0.00742,0.00761,0.0102,0.00726,0.00542,0.00872,0.00731,0.01124,0.00658,0.01085,0.00859,0.00366,0.01744,0.00385,0.0135,0.00978,0.00606,0.00927,0.01173,0.0,0.00529,0.01416,0.02188,0.00329,0.0051,0.0,0.34174,0.01116,0.0,0.0,0.0
Grain mill products,0.00018,0.00018,0.00025,0.00019,0.00014,0.00019,0.00017,0.00022,0.00021,0.00023,0.00035,0.0003,0.0005,0.00028,1.26746,0.00025,0.00025,0.0003,0.00027,0.0002,0.00032,0.00032,0.00027,0.00025,0.00024,0.00042,0.0003,0.00038,0.00055,0.00057,0.0002,0.00037,0.00017,0.00027,0.00027,0.00028,0.0002,0.0002,0.00073,0.0004,0.00022,0.00029,0.00039,0.00033,0.0003,0.00034,0.00035,0.00041,0.00041,0.0004,0.00077,0.00047,0.00049,0.0004,0.00037,0.00041,0.00055,0.00036,0.00024,0.00049,0.00036,0.00057,0.00031,0.00064,0.00021,0.00021,0.00103,0.00021,0.00044,0.00056,0.0002,0.00045,0.00066,0.0,0.00024,0.00073,0.00045,0.00015,0.00025,0.0,0.02146,0.00041,0.0,0.0,0.0
Bakery products,0.00261,0.00362,0.01062,0.00793,0.0022,0.00123,0.00933,0.00095,0.00562,0.00123,0.00499,0.0023,0.00462,0.00396,0.00223,1.50769,0.30275,0.49411,0.67435,0.00599,0.00487,0.09034,0.02406,0.02158,0.0107,0.00938,0.00318,0.01236,0.00486,0.00371,0.00132,0.05296,0.00216,0.07313,0.00433,0.01104,0.00201,0.00288,0.00243,0.00269,0.00305,0.00396,0.00272,0.00361,0.00309,0.00328,0.00243,0.00383,0.00264,0.00257,0.00277,0.00577,0.00343,0.01028,0.00493,0.00407,0.00379,0.00408,0.0182,0.00455,0.00603,0.02552,0.00332,0.03375,0.00284,0.00079,0.00087,0.00134,0.00223,0.00118,0.00134,0.01057,0.00315,0.0,0.00408,0.00113,0.00224,0.00245,0.00171,0.0,0.00491,0.015,0.0,0.0,0.0
Sugar,0.00258,0.00313,0.03463,0.01973,0.00166,0.00081,0.00202,0.0008,0.00277,0.00072,0.00465,0.00106,0.00198,0.00247,0.00136,0.0479,1.07989,0.02437,0.1275,0.00555,0.00282,0.02768,0.02271,0.00667,0.00416,0.00428,0.00147,0.00246,0.00246,0.00145,0.0008,0.03934,0.0018,0.03984,0.002,0.00435,0.00081,0.00086,0.00096,0.00111,0.00123,0.00362,0.00123,0.00199,0.00156,0.00155,0.00109,0.00115,0.0017,0.00219,0.00134,0.00223,0.00176,0.00325,0.00174,0.00181,0.002,0.00197,0.00912,0.00144,0.00795,0.00605,0.00127,0.01252,0.00172,0.00031,0.00045,0.00071,0.00106,0.00053,0.00065,0.00301,0.00167,0.0,0.00201,0.00063,0.00073,0.00082,0.00082,0.0,0.00238,0.00585,0.0,0.0,0.0
Confectionery products,0.0006,0.00052,0.00094,0.00078,0.00039,0.00043,0.00048,0.00036,0.00062,0.00032,0.00182,0.00085,0.0016,0.00145,0.0007,0.00615,0.02101,1.26344,0.02864,0.00228,0.00263,0.00556,0.00506,0.00171,0.00242,0.00181,0.00091,0.00125,0.00126,0.00122,0.00053,0.00415,0.00136,0.01602,0.00225,0.0018,0.00152,0.00139,0.00161,0.00197,0.00191,0.00199,0.00167,0.00178,0.00176,0.00183,0.00179,0.00171,0.00191,0.00208,0.00161,0.00188,0.00183,0.00204,0.00194,0.00185,0.00226,0.00187,0.00227,0.00176,0.00229,0.00276,0.00126,0.00474,0.00091,0.00057,0.00036,0.0007,0.00138,0.00032,0.00082,0.00667,0.00072,0.0,0.00141,0.00037,0.00125,0.00028,0.0011,0.0,0.00275,0.00217,0.0,0.0,0.0
Alcoholic beverages,0.00126,0.00216,0.00104,0.00264,0.0004,0.00033,0.0014,0.00019,0.00521,0.00026,0.00068,0.00043,0.00123,0.00193,0.00066,0.00557,0.01503,0.02348,1.02747,0.00125,0.00174,0.00469,0.00714,0.00185,0.00107,0.00091,0.00134,0.00084,0.00109,0.00083,0.00035,0.00205,0.00041,0.01256,0.00058,0.00101,0.00055,0.0005,0.00057,0.0008,0.00129,0.00081,0.001,0.00075,0.00078,0.00118,0.0006,0.00047,0.00057,0.00055,0.00042,0.00091,0.00051,0.00081,0.00053,0.00042,0.00047,0.00139,0.02009,0.00049,0.00146,0.00191,0.00035,0.00214,0.00226,0.00018,0.00025,0.00031,0.0008,0.00025,0.00027,0.00608,0.00047,0.0,0.00273,0.00032,0.00076,0.00226,0.0005,0.0,0.00242,0.00124,0.0,0.0,0.0
Soft drinks & flavorings,0.00379,0.00484,0.00203,0.00671,0.00519,0.0124,0.01278,0.00214,0.00338,0.00369,0.0836,0.02626,0.01435,0.00671,0.00415,0.00449,0.00551,0.00367,0.0084,1.37635,0.52241,0.19575,0.09353,0.12001,0.05415,0.02241,0.00858,0.00945,0.00705,0.00542,0.00297,0.01001,0.00302,0.02033,0.02039,0.00975,0.00713,0.01073,0.00767,0.00929,0.01045,0.01086,0.00493,0.00729,0.00608,0.00619,0.00461,0.01094,0.00818,0.00386,0.00448,0.00847,0.00709,0.00976,0.00655,0.00809,0.00547,0.00709,0.00662,0.00465,0.06105,0.00816,0.00563,0.03074,0.00276,0.00166,0.00151,0.00308,0.00344,0.00284,0.00293,0.00414,0.00568,0.0,0.00288,0.00202,0.0023,0.00138,0.00606,0.0,0.00489,0.04204,0.0,0.0,0.0
Tobacco manufactures,0.00206,0.00441,0.00058,0.00597,8e-05,0.00011,0.00014,8e-05,9e-05,7e-05,0.00054,0.00032,0.00029,0.00261,0.00195,0.00062,0.00032,0.00027,0.00037,0.00386,1.03428,0.00102,0.00081,0.00049,0.00034,0.00016,0.00016,0.00016,0.00023,0.0003,9e-05,0.00022,0.00012,0.00025,0.00148,0.00013,0.00036,0.00085,0.00027,0.00114,0.00132,0.00049,0.0003,0.00064,0.00049,0.00061,0.00035,0.00054,0.00072,0.0003,0.00023,0.00261,0.00059,0.00323,0.00029,0.00189,0.00031,0.00029,0.00055,0.00045,0.00051,0.00044,0.00018,0.00064,0.0001,6e-05,0.00013,6e-05,0.00077,7e-05,0.00015,0.00014,0.00013,0.0,0.00028,0.00023,0.0001,4e-05,0.0001,0.0,0.00093,0.0003,0.0,0.0,0.0
Fabrics & yarn,0.0001,0.00011,0.00012,0.00013,7e-05,9e-05,0.0001,8e-05,8e-05,5e-05,0.00479,0.00061,0.00075,0.00018,6e-05,0.00019,0.0013,0.00016,0.00189,0.00327,0.00845,1.01626,0.02068,0.00041,0.00024,0.00014,9e-05,0.0001,0.00023,9e-05,8e-05,0.00043,6e-05,0.00031,0.00509,0.00012,0.00012,0.00012,0.00011,0.00048,0.0008,0.00119,0.00058,0.00021,0.00024,0.00022,0.00021,0.0004,0.00021,0.00022,0.00067,0.00064,0.00059,0.00127,0.0005,0.01745,0.00223,0.00029,0.00048,0.00088,0.00452,0.00221,0.0003,0.00139,0.00012,0.00023,0.00013,8e-05,0.00023,5e-05,0.00014,0.00016,0.00011,0.0,0.00028,6e-05,7e-05,4e-05,0.00014,0.0,0.0003,0.00039,0.0,0.0,0.0
"Floor covering, misc textiles",7e-05,8e-05,5e-05,6e-05,7e-05,0.0001,8e-05,9e-05,8e-05,6e-05,0.00331,0.00068,0.00058,9e-05,5e-05,9e-05,0.00026,9e-05,0.00048,0.00092,0.00081,0.00353,1.02568,0.00025,0.00024,0.0003,8e-05,9e-05,0.00012,8e-05,8e-05,0.00064,5e-05,0.00051,0.00023,0.00011,0.00019,0.00012,0.00013,0.00286,0.00044,0.00145,0.00039,0.00119,0.00027,0.00086,0.00027,0.00027,0.00098,0.00107,0.0018,0.00125,0.00016,0.00035,0.00021,0.00027,0.00015,0.00029,0.00164,0.0033,0.00101,0.00196,0.00015,0.0013,0.0001,4e-05,4e-05,7e-05,0.00022,4e-05,0.00011,0.0001,0.00012,0.0,0.00027,5e-05,6e-05,4e-05,0.00015,0.0,0.00012,0.00043,0.0,0.0,0.0
Lumber & wood products,0.01228,0.00935,0.00549,0.02822,0.00497,0.00511,0.00524,0.00394,0.01791,0.00974,0.01581,0.01024,0.01226,0.03741,0.02268,0.01946,0.0287,0.01859,0.03272,0.01589,0.01659,0.01971,0.01937,1.21526,0.51005,0.21367,0.02745,0.05798,0.04106,0.02519,0.01149,0.0363,0.01409,0.02853,0.04443,0.03558,0.00687,0.00806,0.02518,0.01231,0.01343,0.01864,0.00941,0.00925,0.00786,0.00856,0.0074,0.00813,0.00879,0.00834,0.02055,0.0156,0.01902,0.02231,0.02042,0.01426,0.02598,0.01378,0.01186,0.00847,0.01085,0.02905,0.03381,0.04769,0.00717,0.00604,0.00677,0.00544,0.01549,0.02214,0.00492,0.01582,0.0443,0.0,0.00745,0.00823,0.01189,0.00564,0.00831,0.0,0.01879,0.37717,0.0,0.0,0.0
Wooden containers,0.00794,0.00495,0.00358,0.05024,0.00132,0.00182,0.00166,0.0011,0.00243,0.00181,0.00457,0.00368,0.01027,0.02924,0.01184,0.01289,0.01114,0.01223,0.02454,0.00512,0.00932,0.01846,0.01771,0.02806,1.03796,0.01002,0.01002,0.01681,0.035,0.01504,0.00471,0.01907,0.0054,0.02007,0.06005,0.00972,0.00257,0.00315,0.01707,0.00792,0.00948,0.01358,0.00686,0.00481,0.00365,0.00407,0.00359,0.00366,0.00474,0.00639,0.00598,0.01161,0.00797,0.02454,0.02524,0.00713,0.01079,0.01241,0.00657,0.00377,0.00431,0.01221,0.00993,0.03593,0.00203,0.00074,0.00147,0.00104,0.00517,0.00143,0.00111,0.0054,0.00346,0.0,0.0035,0.0018,0.00291,0.00106,0.00164,0.0,0.01079,0.01735,0.0,0.0,0.0
Household furniture,0.01311,0.01576,0.00596,0.00694,0.01188,0.00831,0.01047,0.00772,0.01184,0.01048,0.01915,0.0107,0.01315,0.02705,0.02354,0.01216,0.01459,0.01262,0.01236,0.00996,0.01013,0.0131,0.01348,0.02301,0.02432,1.14708,0.01588,0.01653,0.04658,0.02141,0.01334,0.01544,0.00957,0.01474,0.01284,0.01315,0.01261,0.01047,0.06077,0.01286,0.01078,0.01309,0.01152,0.01438,0.01178,0.01339,0.01033,0.01203,0.01184,0.01035,0.03113,0.01528,0.01219,0.02117,0.01235,0.0156,0.01354,0.01217,0.01146,0.01325,0.01086,0.01741,0.01361,0.02057,0.01044,0.01339,0.01786,0.0084,0.01838,0.04696,0.01131,0.0144,0.20604,0.0,0.00888,0.01924,0.02822,0.01299,0.01677,0.0,0.01791,0.66245,0.0,0.0,0.0
Other furniture & fixtures,0.0522,0.11611,0.01992,0.04236,0.02817,0.05034,0.03016,0.01922,0.03696,0.04079,0.01992,0.02245,0.04266,0.04088,0.04031,0.13538,0.13491,0.0642,0.08114,0.03417,0.02373,0.03625,0.0273,0.07719,0.0684,0.04601,1.2687,0.46704,0.16485,0.32504,0.04446,0.14411,0.0824,0.04478,0.04607,0.04256,0.02842,0.03172,0.02876,0.01956,0.01978,0.03159,0.01435,0.01658,0.01414,0.01386,0.01253,0.01243,0.01456,0.0129,0.01489,0.02365,0.02494,0.03359,0.02897,0.01707,0.03773,0.05045,0.02202,0.01241,0.01904,0.02562,0.07283,0.04178,0.00892,0.00311,0.00709,0.01132,0.00762,0.00563,0.00952,0.0175,0.01711,0.0,0.01161,0.01491,0.01085,0.00493,0.02468,0.0,0.02235,0.05996,0.0,0.0,0.0
Paper & paperboard,0.00461,0.00681,0.00911,0.00704,0.00397,0.00391,0.00505,0.0023,0.00608,0.00396,0.00735,0.00778,0.00788,0.00724,0.01843,0.16339,0.21939,0.08301,0.10324,0.00746,0.00538,0.02943,0.0182,0.02568,0.01802,0.0107,0.04225,1.05204,0.02117,0.1119,0.00378,0.19641,0.00636,0.03444,0.00959,0.01363,0.00346,0.01506,0.00691,0.00538,0.00705,0.00851,0.00497,0.00897,0.00651,0.00636,0.0049,0.00502,0.00486,0.00423,0.00829,0.00987,0.01156,0.02142,0.01814,0.01056,0.01842,0.02001,0.0135,0.00652,0.01227,0.01651,0.01627,0.04352,0.00319,0.00122,0.00151,0.00196,0.0027,0.00165,0.00201,0.00678,0.00507,0.0,0.0066,0.00198,0.00273,0.00159,0.00351,0.0,0.00577,0.01975,0.0,0.0,0.0
Paper containers & products,0.0047,0.00266,0.00111,0.00145,0.00095,0.00123,0.00102,0.00088,0.00126,0.00125,0.00154,0.00162,0.00162,0.00625,0.00413,0.0055,0.00518,0.00324,0.00491,0.00127,0.00119,0.00197,0.00186,0.00317,0.00235,0.00185,0.01893,0.01408,1.06077,0.01726,0.00481,0.00554,0.0447,0.01147,0.00258,0.00196,0.00106,0.0013,0.00249,0.00209,0.00143,0.00198,0.00109,0.00118,0.00107,0.00113,0.00097,0.00138,0.00139,0.0012,0.00133,0.00184,0.00142,0.00264,0.00139,0.00113,0.00161,0.0017,0.00131,0.00131,0.00125,0.01137,0.00189,0.00385,0.00105,0.00071,0.0012,0.00108,0.00271,0.00133,0.00169,0.02609,0.00334,0.0,0.00156,0.00126,0.02625,0.00277,0.00338,0.0,0.0134,0.0025,0.0,0.0,0.0
Printing & publishing,0.00179,0.00198,0.00268,0.00108,0.00176,0.00148,0.00137,0.00284,0.00143,0.00121,0.00858,0.03921,0.00176,0.00242,0.00106,0.00321,0.00478,0.00186,0.00259,0.00777,0.01195,0.01817,0.01485,0.00336,0.00323,0.00246,0.00654,0.00934,0.00574,1.01148,0.00324,0.0047,0.00136,0.00178,0.00711,0.00267,0.00224,0.00216,0.0293,0.01042,0.00416,0.00742,0.00311,0.00439,0.00375,0.0032,0.00312,0.00208,0.00243,0.00197,0.00312,0.00764,0.00459,0.01124,0.00616,0.00232,0.00293,0.00232,0.007,0.00232,0.00641,0.00262,0.00184,0.00689,0.00334,0.00151,0.00102,0.00325,0.00119,0.00081,0.0031,0.00227,0.00169,0.0,0.00427,0.00151,0.00143,0.00102,0.00777,0.0,0.00267,0.00331,0.0,0.0,0.0
Basic chemicals,0.03205,0.05202,0.02884,0.01802,0.01221,0.01459,0.02054,0.00925,0.04339,0.0107,0.02992,0.03731,0.0125,0.0228,0.01539,0.02562,0.02409,0.01445,0.01708,0.02383,0.01568,0.01354,0.01125,0.02235,0.02171,0.01247,0.11357,0.0619,0.02556,0.05419,1.08561,0.02251,0.01506,0.01093,0.01277,0.02579,0.01491,0.01276,0.01301,0.01285,0.01081,0.01332,0.01327,0.01125,0.01186,0.01057,0.01217,0.01259,0.01214,0.01895,0.00822,0.01226,0.01329,0.01231,0.01026,0.00813,0.01048,0.01174,0.01163,0.01204,0.0116,0.01048,0.01139,0.01394,0.0503,0.00655,0.00597,0.01846,0.01343,0.00675,0.01283,0.01887,0.00918,0.0,0.01913,0.00958,0.01,0.01381,0.02323,0.0,0.03191,0.01515,0.0,0.0,0.0
Synthetic materials,0.00916,0.01069,0.0065,0.00504,0.01247,0.00961,0.01367,0.00492,0.01734,0.01196,0.01637,0.01046,0.01604,0.0168,0.01296,0.01362,0.02974,0.01,0.03169,0.01115,0.00758,0.05432,0.04988,0.02819,0.01887,0.01274,0.01158,0.03273,0.04211,0.01183,0.00696,1.05411,0.00818,0.1002,0.03184,0.01913,0.00648,0.00885,0.00735,0.00902,0.01258,0.02369,0.01047,0.03624,0.02432,0.0211,0.01441,0.01447,0.0119,0.01042,0.01951,0.02548,0.0167,0.0573,0.02969,0.01789,0.03067,0.02929,0.03785,0.01118,0.02719,0.02997,0.02004,0.05082,0.00941,0.00312,0.00314,0.00403,0.00748,0.00352,0.00362,0.0171,0.01311,0.0,0.02416,0.00356,0.00699,0.00423,0.00712,0.0,0.01348,0.02665,0.0,0.0,0.0
"Drugs, cleaning & toilet items",0.00015,9e-05,7e-05,0.00013,6e-05,6e-05,7e-05,6e-05,0.00012,6e-05,0.00018,0.00011,0.00015,0.00013,8e-05,0.00016,0.00044,0.00457,0.00424,0.00016,0.00012,0.00106,0.0006,0.00016,0.00016,0.00012,0.00016,0.00015,0.00019,0.00015,9e-05,0.00088,1.12891,0.21132,0.00011,0.00046,0.00019,0.00052,0.00017,0.00019,0.0004,0.00033,0.00044,0.00022,0.00021,0.00024,0.00022,0.00049,0.00078,0.00014,0.00015,0.00052,0.00044,0.00072,0.00016,0.00015,0.00016,0.00019,0.00026,0.00016,0.00022,0.00039,0.00012,0.00313,7e-05,6e-05,0.00014,5e-05,0.00014,9e-05,7e-05,0.00228,0.00042,0.0,0.00012,0.00026,9e-05,0.0001,7e-05,0.0,0.00113,0.00056,0.0,0.0,0.0
Paints & allied products,0.00054,0.00016,0.00015,0.00045,9e-05,0.0001,0.00011,0.0001,0.00013,0.00011,0.00022,0.00018,0.00031,0.00032,0.00016,0.00019,0.00043,0.00082,0.0007,0.00033,0.00023,0.00039,0.00039,0.00027,0.0004,0.00029,0.00017,0.00024,0.00036,0.00032,0.00011,0.00217,0.00426,1.0284,0.0002,0.0002,0.00015,0.00013,0.00027,0.00025,0.00032,0.00034,0.0002,0.00026,0.00022,0.00039,0.00029,0.0003,0.00022,0.0002,0.00032,0.00041,0.00026,0.00127,0.00022,0.00027,0.00031,0.00023,0.00025,0.00032,0.00031,0.00128,0.00021,0.00488,0.00012,0.00019,0.00051,0.0001,0.00042,0.0002,0.00017,0.0105,0.00037,0.0,0.00019,0.00106,0.00023,0.00029,0.00012,0.0,0.00512,0.00094,0.0,0.0,0.0
Petroleum refining,0.00321,0.00084,0.00081,0.00088,0.00059,0.00053,0.00062,0.0006,0.00062,0.00045,0.00423,0.00561,0.00234,0.01588,0.00051,0.00753,0.00343,0.00291,0.004,0.00272,0.00166,0.0084,0.01126,0.00111,0.00112,0.00079,0.0017,0.00197,0.01874,0.00165,0.00075,0.00429,0.00121,0.00143,1.06894,0.00122,0.00082,0.00075,0.00082,0.00588,0.00153,0.00263,0.00129,0.00099,0.00099,0.00113,0.00094,0.0018,0.00119,0.00094,0.00639,0.0026,0.00345,0.0058,0.03482,0.01116,0.03693,0.00332,0.01352,0.00153,0.00485,0.00524,0.01281,0.00532,0.00174,0.00057,0.00103,0.00073,0.00153,0.00052,0.00088,0.00224,0.0014,0.0,0.00976,0.00078,0.00132,0.00058,0.00161,0.0,0.00604,0.00256,0.0,0.0,0.0
Rubber & plastic products,0.00267,0.00374,0.00159,0.00166,0.00309,0.00487,0.00701,0.00912,0.06122,0.00218,0.09176,0.03707,0.00503,0.00267,0.00151,0.00397,0.00624,0.00209,0.00328,0.01209,0.01049,0.01077,0.00678,0.00587,0.00362,0.00218,0.00675,0.0041,0.00524,0.0078,0.00834,0.00811,0.00349,0.00271,0.02296,1.13302,0.00801,0.00565,0.00778,0.0083,0.00677,0.00912,0.01584,0.00807,0.01327,0.00946,0.01528,0.01048,0.01734,0.01244,0.00516,0.01737,0.01629,0.01417,0.01555,0.00502,0.01071,0.01289,0.0081,0.00587,0.01062,0.0061,0.00371,0.00609,0.00288,0.00163,0.00136,0.00412,0.00233,0.0011,0.00346,0.00581,0.00334,0.0,0.01011,0.002,0.0019,0.00117,0.00833,0.0,0.00342,0.00368,0.0,0.0,0.0
Leather tanning & finishing,0.01024,0.01029,0.01651,0.00674,0.04412,0.05426,0.04101,0.02169,0.04304,0.03327,0.07785,0.05214,0.09667,0.02284,0.0054,0.00886,0.00974,0.00671,0.01167,0.02082,0.01998,0.05,0.14652,0.01306,0.02228,0.01178,0.02734,0.01665,0.02308,0.04806,0.01659,0.02015,0.00581,0.013,0.00956,0.03186,1.27607,0.05002,0.49144,0.35037,0.33516,0.25747,0.19514,0.2354,0.25764,0.20336,0.14789,0.15758,0.18754,0.14038,0.04726,0.15023,0.10123,0.14888,0.11235,0.03531,0.0456,0.06926,0.18138,0.06882,0.20705,0.07023,0.02364,0.05577,0.01673,0.00356,0.00397,0.01016,0.00582,0.00355,0.00721,0.01185,0.01266,0.0,0.04793,0.00454,0.00503,0.00455,0.01514,0.0,0.01729,0.02244,0.0,0.0,0.0
Footwear & leather products,0.00536,0.00676,0.00561,0.00401,0.00999,0.01124,0.0131,0.00727,0.01222,0.00816,0.06666,0.03218,0.07204,0.00789,0.00344,0.00744,0.00892,0.00573,0.00788,0.00848,0.00793,0.02496,0.03606,0.00816,0.01308,0.009,0.03392,0.02045,0.01233,0.03378,0.00917,0.01347,0.00427,0.00813,0.01747,0.01319,0.06292,1.50358,0.091,0.13926,0.11226,0.13022,0.11866,0.06235,0.04743,0.08674,0.06684,0.07253,0.09139,0.07767,0.04929,0.12754,0.12095,0.10957,0.12269,0.05308,0.07761,0.19932,0.06645,0.08505,0.09242,0.07739,0.07613,0.07584,0.00822,0.0034,0.00334,0.00536,0.00361,0.00231,0.0045,0.00922,0.00749,0.0,0.0221,0.00369,0.00358,0.00249,0.00866,0.0,0.00927,0.02349,0.0,0.0,0.0
Glass & glass products,0.00628,0.00263,0.0219,0.00216,0.00074,0.00098,0.00083,0.00068,0.00104,0.00085,0.00177,0.00327,0.00132,0.03013,0.00144,0.00265,0.00284,0.0017,0.002,0.00356,0.00234,0.00252,0.00206,0.00226,0.01032,0.00969,0.01521,0.00778,0.02089,0.06492,0.00473,0.00327,0.00212,0.0015,0.00191,0.00251,0.00102,0.00223,1.01717,0.0023,0.00391,0.00188,0.00109,0.00114,0.00099,0.00103,0.00176,0.00095,0.00125,0.0009,0.00124,0.00168,0.00133,0.0022,0.00157,0.00098,0.00137,0.00153,0.00157,0.001,0.00136,0.00366,0.00152,0.00227,0.00087,0.0004,0.00082,0.00062,0.0015,0.00086,0.00074,0.00131,0.00299,0.0,0.00108,0.0009,0.00148,0.00044,0.00123,0.0,0.00899,0.00651,0.0,0.0,0.0
Stone & clay products,0.00195,0.00211,0.00108,0.00098,0.00254,0.0021,0.00235,0.00667,0.00341,0.00382,0.10263,0.05862,0.00242,0.00168,0.00088,0.00162,0.00152,0.00109,0.00148,0.00318,0.00205,0.00246,0.00677,0.00194,0.00173,0.00131,0.00253,0.00212,0.00166,0.00209,0.00468,0.00235,0.00092,0.00123,0.00196,0.00338,0.00512,0.0022,0.00329,1.03131,0.00514,0.0101,0.0076,0.00704,0.01142,0.01845,0.00633,0.02243,0.02073,0.00429,0.00564,0.03025,0.00377,0.00817,0.00667,0.00214,0.00285,0.00467,0.00405,0.00251,0.04266,0.00379,0.00143,0.0024,0.00311,0.00204,0.00119,0.00495,0.00213,0.00094,0.00474,0.00172,0.00144,0.0,0.00196,0.00172,0.0017,0.00118,0.01144,0.0,0.00229,0.00169,0.0,0.0,0.0
Primary iron & steel,0.0037,0.00233,0.0018,0.00135,0.00376,0.00674,0.0183,0.00192,0.00316,0.00197,0.0083,0.006,0.02187,0.00593,0.00149,0.00178,0.00231,0.00182,0.01187,0.00806,0.00601,0.00857,0.02443,0.00268,0.00286,0.00226,0.0028,0.00258,0.00778,0.00376,0.00199,0.008,0.00147,0.00918,0.00248,0.00343,0.01291,0.00697,0.02238,0.03155,1.04131,0.02426,0.03247,0.03258,0.01885,0.0239,0.04499,0.01665,0.01596,0.01949,0.02261,0.03841,0.02538,0.05536,0.03489,0.02706,0.02948,0.02305,0.0907,0.03053,0.01763,0.0279,0.01586,0.01416,0.00343,0.0015,0.00167,0.00196,0.0026,0.0017,0.00157,0.00823,0.00861,0.0,0.07707,0.00171,0.00211,0.00209,0.00291,0.0,0.00511,0.00538,0.0,0.0,0.0
Primary nonferrous metals,0.00576,0.00554,0.0076,0.00851,0.0051,0.00695,0.00881,0.0076,0.01039,0.00403,0.0316,0.0244,0.02557,0.00821,0.00555,0.00442,0.00492,0.00468,0.0062,0.0239,0.02106,0.06672,0.05834,0.01954,0.0162,0.00913,0.0093,0.00714,0.0206,0.01296,0.0063,0.02075,0.00404,0.02036,0.00571,0.01724,0.02395,0.01816,0.0167,0.0414,0.02469,1.05033,0.02609,0.02897,0.02563,0.04155,0.02996,0.02458,0.03776,0.02078,0.01943,0.05696,0.01947,0.04932,0.02421,0.01912,0.02429,0.03358,0.05168,0.02918,0.03498,0.03231,0.02228,0.02814,0.00787,0.00194,0.00217,0.00457,0.00333,0.00223,0.00311,0.01177,0.0092,0.0,0.02064,0.0025,0.00291,0.00211,0.00707,0.0,0.0089,0.01648,0.0,0.0,0.0
Metal containers,0.00079,0.00136,0.0018,0.00158,0.00372,0.00778,0.00684,0.00424,0.01239,0.00217,0.00278,0.00107,0.00199,0.0007,0.0005,0.00058,0.00053,0.00038,0.00048,0.00068,0.00055,0.00064,0.00117,0.00062,0.00056,0.00039,0.001,0.00072,0.00072,0.00079,0.00233,0.00058,0.00032,0.00039,0.00062,0.00286,0.0018,0.00173,0.00107,0.00434,0.00241,0.00237,1.08778,0.07207,0.02793,0.01849,0.00262,0.00927,0.01305,0.00338,0.00104,0.00402,0.01559,0.00206,0.0015,0.00085,0.00092,0.00165,0.00994,0.00496,0.04413,0.00141,0.0006,0.00085,0.00231,0.0002,0.0003,0.00115,0.00047,0.00032,0.00038,0.00192,0.00184,0.0,0.00246,0.00034,0.00027,0.00049,0.00205,0.0,0.00149,0.00053,0.0,0.0,0.0
"Heating, plumbing, structural metal",0.00483,0.01195,0.00114,0.00269,0.00041,0.00046,0.00067,0.00026,0.00045,0.00032,0.00061,0.00041,0.00131,0.00257,0.00283,0.00153,0.00071,0.00063,0.00086,0.00047,0.00031,0.00112,0.0022,0.00027,0.00026,0.00021,0.00034,0.00029,0.00049,0.0006,0.00025,0.00043,0.00014,0.0003,0.00019,0.00039,0.00171,0.00032,0.00082,0.0015,0.00156,0.00157,0.00868,1.05262,0.01181,0.01007,0.00158,0.00355,0.00343,0.00113,0.00048,0.00122,0.00064,0.00166,0.00307,0.00032,0.00032,0.00048,0.00139,0.0007,0.00547,0.0019,0.00028,0.00175,0.00023,9e-05,0.00028,0.00019,0.0004,0.00021,0.0004,0.00025,0.00135,0.0,0.00039,0.00054,0.00018,0.00011,0.00033,0.0,0.00106,0.00045,0.0,0.0,0.0
Screw machine products,0.00077,0.0012,0.00046,0.0005,0.01802,0.01841,0.03985,0.00497,0.01174,0.01329,0.00438,0.0025,0.0027,0.00093,0.00077,0.00087,0.00085,0.00062,0.00074,0.00078,0.00072,0.00099,0.00139,0.00108,0.0009,0.00076,0.00196,0.00139,0.00176,0.00134,0.00287,0.00111,0.00059,0.0007,0.001,0.00977,0.00401,0.00232,0.00208,0.00589,0.00187,0.00359,0.04528,0.02724,1.06148,0.05017,0.00414,0.00827,0.01079,0.00228,0.00108,0.00451,0.00368,0.00198,0.0014,0.00085,0.00103,0.0015,0.00399,0.00137,0.00754,0.00178,0.00081,0.00105,0.00076,0.00039,0.00062,0.00226,0.00096,0.00085,0.00093,0.00074,0.00645,0.0,0.00104,0.00064,0.00052,0.00079,0.00248,0.0,0.00082,0.00089,0.0,0.0,0.0
Other fabricated metal products,0.00039,0.00049,0.0002,0.00026,0.00065,0.00124,0.00088,0.00055,0.00406,0.00105,0.00652,0.00649,0.0007,0.00054,0.00026,0.00079,0.00063,0.00042,0.00059,0.00132,0.00108,0.00081,0.00327,0.00174,0.00105,0.00055,0.00192,0.00128,0.00064,0.00097,0.00128,0.00103,0.00049,0.00044,0.00064,0.00155,0.00253,0.00151,0.00155,0.00359,0.00142,0.00224,0.00169,0.00195,0.01503,1.05845,0.00188,0.00557,0.00386,0.00103,0.00062,0.00487,0.00207,0.00108,0.00074,0.00065,0.00156,0.00082,0.0016,0.00077,0.00187,0.00101,0.0005,0.00063,0.00047,0.00026,0.00019,0.00059,0.0004,0.00017,0.00068,0.00033,0.00038,0.0,0.00047,0.00026,0.00026,0.00018,0.00135,0.0,0.00045,0.00082,0.0,0.0,0.0
Engines & turbines,0.00119,0.00119,0.00126,0.00122,0.00263,0.00406,0.00316,0.00193,0.00312,0.00205,0.00506,0.00321,0.01779,0.0028,0.0019,0.00254,0.00726,0.00208,0.00551,0.00342,0.00549,0.00609,0.0093,0.00328,0.00986,0.00209,0.00316,0.00432,0.00329,0.00367,0.00177,0.00808,0.00437,0.00592,0.00531,0.01102,0.01581,0.01476,0.01668,0.01424,0.02719,0.02299,0.02533,0.01843,0.03096,0.02707,1.08331,0.0347,0.03006,0.03403,0.01927,0.01888,0.02138,0.01801,0.01301,0.01279,0.01496,0.01983,0.02193,0.02692,0.02011,0.01839,0.00374,0.00425,0.00149,0.0005,0.00063,0.00083,0.0012,0.00052,0.00092,0.00216,0.00222,0.0,0.00578,0.00056,0.00079,0.0005,0.00124,0.0,0.00212,0.00298,0.0,0.0,0.0
Farm machinery,0.00115,0.00166,0.00069,0.00095,0.00071,0.001,0.00089,0.00073,0.00103,0.00076,0.00128,0.0009,0.00129,0.00255,0.00074,0.01111,0.00862,0.00462,0.00597,0.00286,0.00349,0.00204,0.00148,0.00364,0.00293,0.00236,0.01397,0.00803,0.00242,0.00428,0.00092,0.00432,0.0016,0.00383,0.00098,0.00225,0.00241,0.00103,0.00264,0.00329,0.00246,0.0041,0.00574,0.00441,0.00403,0.00595,0.00748,1.07613,0.014,0.00276,0.00161,0.0042,0.00166,0.00166,0.00137,0.00076,0.0011,0.00152,0.00173,0.00139,0.00262,0.00139,0.00191,0.00207,0.00042,0.00015,0.00033,0.00033,0.00089,0.00032,0.00162,0.00067,0.00082,0.0,0.00076,0.00046,0.00039,0.00021,0.00054,0.0,0.00112,0.0027,0.0,0.0,0.0
Construction & mining machinery,0.00186,0.00265,0.00172,0.00127,0.00325,0.00438,0.00628,0.00811,0.01149,0.00282,0.00781,0.00556,0.00815,0.00292,0.00133,0.00272,0.00278,0.00156,0.00218,0.00317,0.00292,0.00392,0.00468,0.00628,0.00423,0.00207,0.00731,0.00571,0.00292,0.00393,0.00752,0.00394,0.00149,0.00184,0.00288,0.00715,0.01791,0.0097,0.00858,0.02002,0.00908,0.01476,0.05343,0.08517,0.07766,0.07786,0.0342,0.0575,1.08312,0.02181,0.0095,0.02546,0.0135,0.01671,0.00688,0.00381,0.0036,0.01848,0.01655,0.01547,0.05023,0.00997,0.00516,0.00362,0.00483,0.00054,0.00075,0.00309,0.00141,0.00079,0.00124,0.00147,0.00363,0.0,0.00372,0.00088,0.00083,0.00099,0.00228,0.0,0.00335,0.00352,0.0,0.0,0.0
Materials handling equipment,0.00132,0.00142,0.0008,0.00068,0.00253,0.03975,0.00499,0.00689,0.00399,0.00646,0.00451,0.0028,0.01962,0.00132,0.00078,0.00128,0.0015,0.0009,0.00131,0.00287,0.00174,0.0022,0.00534,0.00128,0.0013,0.00094,0.00211,0.00393,0.0022,0.00303,0.00374,0.00355,0.00163,0.00144,0.00108,0.00299,0.01098,0.0123,0.00566,0.01621,0.01881,0.01096,0.03735,0.01668,0.01326,0.02788,0.01302,0.00895,0.01428,1.07196,0.01573,0.00698,0.00666,0.00615,0.00856,0.00752,0.00579,0.00569,0.02031,0.04449,0.0115,0.00923,0.0031,0.00327,0.00196,0.00058,0.00065,0.00136,0.00115,0.00073,0.00114,0.0027,0.00378,0.0,0.02686,0.00072,0.00074,0.00069,0.00163,0.0,0.00182,0.00162,0.0,0.0,0.0
Metalworking machinery,0.00045,0.0006,0.00019,0.0003,0.00049,0.00031,0.00043,0.00063,0.0004,0.00036,0.00062,0.00042,0.00109,0.00052,0.00043,0.00041,0.00045,0.00042,0.00044,0.00034,0.00034,0.00043,0.00142,0.00068,0.00052,0.00061,0.00068,0.00055,0.00101,0.00058,0.00057,0.00062,0.00032,0.00045,0.00037,0.00041,0.00061,0.00034,0.00051,0.0011,0.0018,0.00059,0.00053,0.00054,0.00053,0.00054,0.00061,0.00234,0.00053,0.00045,1.15435,0.00125,0.00126,0.00081,0.00057,0.01103,0.01143,0.00067,0.00061,0.00135,0.00049,0.00264,0.00069,0.00349,0.00033,0.00039,0.00067,0.00025,0.0011,0.00071,0.00284,0.00075,0.00378,0.0,0.00053,0.0006,0.00043,0.0006,0.00037,0.0,0.0006,0.00675,0.0,0.0,0.0
Special industry machinery,0.00062,0.00069,0.00029,0.00033,0.00069,0.00052,0.00057,0.00082,0.00069,0.00049,0.01045,0.01046,0.00248,0.00066,0.00047,0.00052,0.00091,0.00044,0.00084,0.00091,0.00249,0.0009,0.006,0.00064,0.0006,0.00054,0.00075,0.00067,0.0012,0.00077,0.00083,0.0007,0.00035,0.00056,0.00071,0.00116,0.00099,0.00087,0.00082,0.01556,0.00309,0.00423,0.00162,0.002,0.00172,0.00671,0.00292,0.00374,0.00843,0.00127,0.00087,1.07348,0.00167,0.03223,0.00145,0.00129,0.00072,0.00175,0.01627,0.00107,0.00354,0.00383,0.00069,0.00123,0.00089,0.00055,0.0005,0.00098,0.00086,0.00059,0.00112,0.00132,0.00362,0.0,0.00684,0.0006,0.00055,0.00046,0.00233,0.0,0.00099,0.00068,0.0,0.0,0.0
General industrial machinery,0.00122,0.0016,0.00101,0.00078,0.00243,0.00334,0.00248,0.01366,0.0053,0.00341,0.01216,0.0072,0.00632,0.00153,0.00089,0.00168,0.00187,0.00122,0.00171,0.00164,0.00169,0.00219,0.00464,0.00173,0.00186,0.00137,0.00418,0.00262,0.00237,0.00264,0.00723,0.00219,0.00099,0.0015,0.00181,0.00431,0.01563,0.01208,0.00768,0.02026,0.0078,0.00867,0.03376,0.01601,0.02384,0.05089,0.0408,0.04929,0.04483,0.0124,0.03465,0.10401,1.08975,0.06724,0.04465,0.02531,0.02849,0.03017,0.01256,0.01075,0.02113,0.03635,0.01152,0.00867,0.00256,0.00121,0.00124,0.00376,0.00141,0.00088,0.00182,0.00386,0.00434,0.0,0.00398,0.00116,0.0011,0.00076,0.0029,0.0,0.00281,0.00339,0.0,0.0,0.0
Machine shop products,0.00046,0.00049,0.00031,0.00027,0.00046,0.00037,0.00037,0.00063,0.0004,0.00035,0.00369,0.00932,0.00249,0.00052,0.00031,0.00038,0.00044,0.00062,0.00063,0.00062,0.00067,0.00063,0.0018,0.001,0.00067,0.00052,0.00053,0.00052,0.00106,0.0007,0.00061,0.00058,0.00028,0.00125,0.00049,0.00064,0.00065,0.00081,0.00283,0.00523,0.00241,0.00146,0.00081,0.00367,0.00072,0.00129,0.0014,0.00187,0.00187,0.00063,0.00064,0.11807,0.00108,1.02026,0.00074,0.00188,0.00062,0.00212,0.00275,0.0008,0.00573,0.00106,0.00043,0.00241,0.0006,0.0005,0.00054,0.00083,0.00078,0.00041,0.00103,0.00687,0.00107,0.0,0.00124,0.00056,0.0005,0.00043,0.00192,0.0,0.0061,0.00088,0.0,0.0,0.0
Office & computing machines,0.0008,0.00082,0.00054,0.00039,0.00087,0.00098,0.00379,0.00131,0.00102,0.0008,0.01756,0.0136,0.00163,0.00077,0.0004,0.00071,0.00071,0.00054,0.0007,0.00125,0.00101,0.00186,0.00212,0.001,0.00092,0.00068,0.00117,0.00113,0.0009,0.00094,0.00157,0.00136,0.00039,0.00059,0.00258,0.00328,0.00201,0.00272,0.00158,0.00248,0.00418,0.00363,0.00266,0.0019,0.00217,0.00256,0.00269,0.00368,0.00276,0.00364,0.03057,0.0117,0.02014,0.01549,1.03935,0.01195,0.00698,0.0292,0.01043,0.00182,0.00511,0.00851,0.00239,0.00342,0.00117,0.00074,0.00167,0.00256,0.00089,0.00056,0.00146,0.00146,0.00084,0.0,0.00382,0.00096,0.00127,0.00057,0.00434,0.0,0.0012,0.00141,0.0,0.0,0.0
Service industry machines,0.00056,0.00057,0.00034,0.00033,0.00052,0.00052,0.0005,0.00119,0.00059,0.00048,0.00208,0.0031,0.03463,0.00063,0.00038,0.0006,0.00072,0.00059,0.00075,0.00055,0.00061,0.00103,0.0053,0.00061,0.00061,0.00128,0.00081,0.00074,0.00102,0.00084,0.00087,0.00113,0.0004,0.00067,0.00069,0.00087,0.00111,0.00178,0.00109,0.00192,0.00147,0.00135,0.0039,0.00149,0.00195,0.00286,0.00257,0.01095,0.00282,0.0015,0.02234,0.00813,0.02373,0.00362,0.00545,1.07608,0.04542,0.0082,0.0066,0.04119,0.00178,0.03031,0.00806,0.00362,0.00101,0.01231,0.00513,0.00064,0.00121,0.00086,0.0013,0.00167,0.00151,0.0,0.00566,0.00086,0.00088,0.0004,0.00095,0.0,0.00954,0.00208,0.0,0.0,0.0
Electric industrial equipment,0.00056,0.0006,0.00044,0.00039,0.00057,0.00055,0.00054,0.00117,0.00066,0.00049,0.00162,0.00142,0.03972,0.00069,0.00048,0.0007,0.00367,0.00067,0.00118,0.00055,0.0006,0.00098,0.00235,0.00085,0.00077,0.00106,0.00084,0.00078,0.00124,0.00097,0.00092,0.00144,0.00043,0.00085,0.00073,0.00085,0.00124,0.00127,0.00103,0.00201,0.00161,0.00138,0.00569,0.00199,0.00214,0.0034,0.00251,0.00514,0.00421,0.00149,0.15171,0.0066,0.03946,0.00464,0.00906,0.23569,1.17863,0.02064,0.00423,0.02116,0.00235,0.04103,0.02394,0.00579,0.00157,0.00471,0.01261,0.00063,0.00135,0.00072,0.00134,0.02078,0.00256,0.0,0.00203,0.00092,0.00113,0.00049,0.00067,0.0,0.00572,0.00399,0.0,0.0,0.0
Household appliances,0.00164,0.00209,0.00133,0.00065,0.00133,0.0011,0.00097,0.00054,0.0008,0.00042,0.00211,0.00134,0.00231,0.00098,0.0006,0.00061,0.0005,0.00041,0.0005,0.00114,0.0007,0.00068,0.00087,0.00045,0.00046,0.00039,0.00063,0.00054,0.00053,0.00068,0.00052,0.00065,0.0003,0.00038,0.00064,0.00069,0.0015,0.0086,0.00118,0.00185,0.00196,0.00165,0.02488,0.01217,0.00398,0.00458,0.00162,0.00214,0.00238,0.01546,0.00218,0.00301,0.00804,0.00538,0.02797,0.00288,0.00359,1.06625,0.01961,0.00595,0.00394,0.00548,0.00193,0.00151,0.00175,0.00037,0.00034,0.00049,0.00107,0.00033,0.00043,0.00114,0.00079,0.0,0.02002,0.00045,0.00051,0.00041,0.00106,0.0,0.00133,0.00068,0.0,0.0,0.0
Electric lighting & wiring,0.00285,0.00255,0.00165,0.00121,0.00669,0.00269,0.00293,0.00162,0.00293,0.00148,0.00457,0.00316,0.01105,0.00258,0.00113,0.00153,0.00223,0.00128,0.00227,0.00316,0.00289,0.00283,0.00626,0.0017,0.00183,0.00154,0.00294,0.00208,0.00261,0.003,0.0018,0.00359,0.00113,0.00186,0.00696,0.0025,0.00974,0.00724,0.00562,0.01233,0.0398,0.01324,0.04286,0.01805,0.02236,0.02302,0.0181,0.00692,0.01312,0.01452,0.00401,0.03286,0.01085,0.0175,0.01219,0.00339,0.00404,0.07031,1.40019,0.00791,0.03353,0.01527,0.00233,0.00538,0.0055,0.00138,0.00104,0.00149,0.00309,0.00134,0.00242,0.00396,0.00375,0.0,0.12482,0.00147,0.00171,0.00304,0.0028,0.0,0.00398,0.00225,0.0,0.0,0.0
"Radio, TV, communication equipment",0.00076,0.00066,0.00062,0.00064,0.00117,0.00128,0.00107,0.00077,0.00133,0.00064,0.00186,0.00128,0.16317,0.00094,0.0004,0.00076,0.00092,0.00058,0.00099,0.00161,0.00131,0.00141,0.00723,0.00102,0.00103,0.00076,0.00118,0.00119,0.00098,0.00109,0.00106,0.00571,0.0006,0.00121,0.00083,0.00141,0.00135,0.0011,0.00264,0.00613,0.0022,0.00256,0.05758,0.00608,0.00891,0.00569,0.00474,0.00524,0.01283,0.0019,0.00179,0.02034,0.0045,0.00403,0.0024,0.01918,0.00212,0.00241,0.00428,1.27575,0.00704,0.01263,0.00219,0.00303,0.00891,0.0004,0.0005,0.00053,0.00097,0.00035,0.00073,0.00071,0.00078,0.0,0.00122,0.00048,0.00045,0.00109,0.00065,0.0,0.00458,0.00126,0.0,0.0,0.0
Electronic components,0.00075,0.00077,0.00931,0.00071,0.00105,0.00253,0.00076,0.00055,0.00066,0.00093,0.00147,0.00093,0.00122,0.00087,0.00037,0.00063,0.00067,0.00056,0.00076,0.00177,0.00119,0.00083,0.00125,0.00081,0.00085,0.00051,0.0008,0.00072,0.00066,0.00084,0.0009,0.00071,0.00049,0.0005,0.00059,0.00105,0.00157,0.00093,0.0013,0.00609,0.00118,0.00153,0.01207,0.0036,0.00686,0.00259,0.00104,0.00547,0.00391,0.00172,0.00083,0.00314,0.01053,0.00194,0.00105,0.00066,0.00074,0.00088,0.00111,0.00232,1.06402,0.00199,0.00075,0.00289,0.00929,0.00017,0.00041,0.00046,0.00053,0.00033,0.00056,0.00102,0.00093,0.0,0.0005,0.00053,0.00032,0.00159,0.00048,0.0,0.00435,0.00093,0.0,0.0,0.0
Misc electrical machinery,0.00059,0.00057,0.00048,0.00037,0.00078,0.00097,0.00077,0.00134,0.00076,0.00051,0.00574,0.00265,0.01417,0.00084,0.00047,0.0011,0.00102,0.00152,0.00603,0.00113,0.00124,0.00333,0.01021,0.00187,0.00143,0.00111,0.00106,0.00096,0.00571,0.001,0.00168,0.00165,0.0008,0.00298,0.0026,0.00132,0.00307,0.00133,0.00192,0.00812,0.004,0.00451,0.00502,0.0055,0.00843,0.00822,0.0036,0.00477,0.00605,0.00188,0.00499,0.0218,0.01471,0.0321,0.00314,0.00552,0.00311,0.00687,0.00757,0.02321,0.00427,1.08428,0.00273,0.00285,0.00163,0.00031,0.00044,0.00058,0.00112,0.00046,0.00073,0.00195,0.00132,0.0,0.00188,0.00044,0.00702,0.00041,0.00119,0.0,0.00316,0.00165,0.0,0.0,0.0
Motor vehicles & equipment,0.00075,0.00087,0.00038,0.00045,0.00065,0.00055,0.00063,0.00053,0.0007,0.0006,0.00123,0.00077,0.01022,0.00116,0.00101,0.00098,0.00094,0.00107,0.00127,0.00078,0.00077,0.00113,0.00125,0.00208,0.00153,0.011,0.00154,0.00125,0.00237,0.00145,0.00081,0.00166,0.00078,0.00253,0.00099,0.00091,0.00089,0.00071,0.00143,0.00118,0.00106,0.00119,0.00114,0.00114,0.00103,0.00106,0.00095,0.00211,0.00113,0.0009,0.00226,0.00192,0.00185,0.00196,0.00355,0.00239,0.00347,0.00414,0.00108,0.00214,0.00101,0.01598,1.07022,0.00133,0.00085,0.00088,0.00524,0.00055,0.0018,0.00258,0.00091,0.00962,0.00818,0.0,0.00077,0.01265,0.00478,0.00064,0.00093,0.0,0.00617,0.07909,0.0,0.0,0.0
Aircraft & parts,0.0016,0.00177,0.00334,0.001,0.00153,0.00162,0.00144,0.00117,0.00181,0.00152,0.00427,0.0059,0.00273,0.00224,0.00164,0.00212,0.00665,0.02061,0.01162,0.0034,0.00329,0.0061,0.00615,0.00297,0.00264,0.00431,0.00294,0.00274,0.00508,0.00328,0.00159,0.0096,0.00223,0.01359,0.00385,0.00624,0.00208,0.00263,0.00222,0.00255,0.00413,0.00426,0.00203,0.00321,0.00246,0.00297,0.00308,0.00264,0.00216,0.00187,0.00332,0.00772,0.0026,0.01083,0.00281,0.00415,0.00287,0.0025,0.00298,0.00273,0.00553,0.00829,0.00456,1.07211,0.00182,0.00188,0.00325,0.00132,0.00338,0.00445,0.00169,0.0214,0.01285,0.0,0.0021,0.00673,0.00596,0.00119,0.00249,0.0,0.01184,0.15506,0.0,0.0,0.0
Transportation & warehousing,0.06069,0.03955,0.04166,0.03343,0.08365,0.06672,0.0261,0.02472,0.03439,0.03168,0.06495,0.04724,0.03908,0.07348,0.02481,0.05317,0.05941,0.03763,0.04558,0.06895,0.07865,0.05659,0.04696,0.06914,0.08128,0.04312,0.06459,0.06281,0.04941,0.0746,0.08123,0.0503,0.04857,0.03784,0.05544,0.09509,0.08307,0.06248,0.08102,0.06053,0.05259,0.0476,0.04441,0.04853,0.04386,0.04128,0.03469,0.03906,0.0427,0.03566,0.03712,0.04851,0.04051,0.04961,0.04266,0.02981,0.03758,0.04119,0.0549,0.03218,0.05408,0.03865,0.02928,0.04629,1.1258,0.01147,0.03268,0.03801,0.02469,0.02449,0.021,0.02887,0.03446,0.0,0.02915,0.0355,0.02332,0.12632,0.03436,0.0,0.49336,0.04811,0.0,0.0,0.0
Communications except radio & TV,0.00968,0.00806,0.0031,0.00379,0.00554,0.00608,0.00576,0.00397,0.00495,0.00799,0.0117,0.00725,0.01731,0.01154,0.00562,0.00855,0.00927,0.01065,0.01005,0.00767,0.00858,0.01073,0.01178,0.00869,0.01108,0.0181,0.0096,0.01071,0.01426,0.01347,0.00603,0.01079,0.00704,0.01016,0.00837,0.01108,0.00888,0.00771,0.00909,0.01288,0.00935,0.01045,0.01141,0.01093,0.01159,0.01405,0.01072,0.01305,0.01247,0.00989,0.01399,0.01266,0.01257,0.012,0.01065,0.01564,0.01483,0.01058,0.00878,0.01632,0.01054,0.01485,0.01149,0.01131,0.01423,1.00989,0.04831,0.00692,0.01493,0.03027,0.00546,0.01342,0.03212,0.0,0.01128,0.01324,0.0157,0.00612,0.00937,0.0,0.01269,0.01466,0.0,0.0,0.0
Radio & TV broadcasting,0.00272,0.00398,0.00098,0.00142,0.00309,0.00188,0.00262,0.00186,0.00296,0.00265,0.00492,0.00263,0.00304,0.00437,0.00467,0.00275,0.00288,0.00271,0.00271,0.00221,0.00226,0.00299,0.0029,0.00276,0.00306,0.00396,0.00368,0.00386,0.01177,0.00435,0.00327,0.00355,0.00216,0.00316,0.0029,0.00298,0.00309,0.00222,0.00345,0.00297,0.00247,0.00283,0.00269,0.00347,0.00279,0.00316,0.00239,0.00242,0.00277,0.00244,0.00297,0.00366,0.00256,0.00543,0.00292,0.00312,0.00311,0.00288,0.00272,0.0031,0.0025,0.00409,0.00311,0.00374,0.00199,0.00235,1.03215,0.00169,0.0038,0.00664,0.00259,0.00311,0.05984,0.0,0.00199,0.00398,0.00298,0.00212,0.00327,0.0,0.00304,0.00362,0.0,0.0,0.0
"Electric, gas, water & sanitary services",0.01998,0.02212,0.00783,0.0109,0.04557,0.04529,0.03935,0.02078,0.05201,0.06468,0.02093,0.0139,0.02148,0.02574,0.01116,0.03738,0.03205,0.02399,0.03039,0.02558,0.02605,0.02413,0.02536,0.04394,0.03373,0.02146,0.06202,0.04747,0.0236,0.03377,0.03792,0.03277,0.02141,0.02044,0.05848,0.06031,0.05359,0.05012,0.03731,0.03427,0.03298,0.03309,0.02624,0.0257,0.02738,0.02407,0.02281,0.02186,0.026,0.0275,0.01677,0.0269,0.02505,0.03029,0.02933,0.01831,0.02574,0.0274,0.02628,0.02009,0.02762,0.02168,0.01813,0.02251,0.02007,0.01175,0.0268,1.25748,0.02437,0.01874,0.01069,0.03094,0.01492,0.0,0.02035,0.01997,0.04454,0.02619,0.15461,0.0,0.0227,0.02626,0.0,0.0,0.0
Wholesale trade,0.10176,0.07972,0.04607,0.04167,0.02754,0.03599,0.04006,0.02695,0.04038,0.02965,0.11487,0.09639,0.05499,0.09304,0.03529,0.07779,0.07771,0.07316,0.07801,0.06723,0.08087,0.0773,0.06296,0.06235,0.0619,0.05113,0.05246,0.06467,0.06138,0.07105,0.03517,0.06294,0.10749,0.0763,0.05254,0.05214,0.05736,0.07144,0.04839,0.06924,0.04997,0.05473,0.07088,0.07075,0.06635,0.06609,0.0567,0.06697,0.06414,0.04905,0.07067,0.0816,0.06361,0.07046,0.05884,0.05796,0.06259,0.06513,0.06182,0.05034,0.07696,0.06928,0.05186,0.07621,0.04981,0.01666,0.03933,0.02414,1.03371,0.02891,0.02906,0.05307,0.04361,0.0,0.12123,0.04357,0.03468,0.01708,0.03864,0.0,0.12633,0.05718,0.0,0.0,0.0
Retail trade,0.02837,0.02531,0.01698,0.0114,0.01599,0.03324,0.02158,0.01794,0.02164,0.01803,0.02086,0.01297,0.01193,0.02129,0.01197,0.01622,0.01556,0.01689,0.01731,0.01844,0.01819,0.01816,0.01857,0.01535,0.01464,0.01735,0.01744,0.01717,0.01753,0.0186,0.02548,0.01448,0.01701,0.01744,0.01436,0.02098,0.01713,0.01905,0.0176,0.01974,0.01503,0.0161,0.01278,0.01975,0.01688,0.01673,0.01358,0.01683,0.01457,0.01425,0.01798,0.01522,0.01478,0.01544,0.0123,0.01235,0.01499,0.01751,0.01416,0.01259,0.01563,0.01451,0.01319,0.01732,0.02683,0.01237,0.01894,0.01844,0.02508,1.22981,0.04396,0.03293,0.01773,0.0,0.02565,0.02604,0.01686,0.01971,0.02983,0.0,0.02433,0.01665,0.0,0.0,0.0
Finance & insurance,0.07273,0.10448,0.02777,0.06192,0.09732,0.04682,0.07365,0.18099,0.0586,0.05565,0.03645,0.02643,0.02559,0.05394,0.04057,0.04508,0.04494,0.0427,0.04188,0.03086,0.03237,0.03647,0.03419,0.03721,0.04311,0.06974,0.06102,0.05654,0.06554,0.06093,0.11961,0.03911,0.03251,0.03756,0.03858,0.04496,0.02707,0.02981,0.03387,0.03689,0.02899,0.032,0.03061,0.03197,0.03479,0.03858,0.03312,0.05374,0.03374,0.04835,0.06604,0.03963,0.04135,0.04491,0.04092,0.03397,0.03563,0.03978,0.02746,0.03826,0.03364,0.03991,0.03444,0.03977,0.04575,0.0252,0.08782,0.03461,0.06764,0.06716,1.04627,0.09106,0.06799,0.0,0.04737,0.11245,0.07173,0.03673,0.03542,0.0,0.05535,0.05616,0.0,0.0,0.0
Real estate & rental,0.00314,0.0027,0.00224,0.00225,0.00211,0.00214,0.00212,0.00266,0.00249,0.00244,0.00421,0.00334,0.00649,0.00582,0.00559,0.00358,0.00423,0.00361,0.00488,0.00229,0.00367,0.00405,0.00374,0.00453,0.00666,0.00622,0.00437,0.00551,0.01089,0.01051,0.00324,0.00536,0.00239,0.00386,0.00416,0.00379,0.00297,0.0025,0.00673,0.00762,0.00315,0.00414,0.00499,0.00493,0.00418,0.00477,0.00431,0.00464,0.00478,0.00442,0.00681,0.005,0.00534,0.0051,0.00443,0.0048,0.00623,0.00563,0.00377,0.0082,0.0044,0.00662,0.0043,0.00498,0.00359,0.01322,0.00828,0.00379,0.00637,0.00523,0.0062,1.03341,0.01227,0.0,0.00382,0.00676,0.00912,0.00211,0.00331,0.0,0.13477,0.00555,0.0,0.0,0.0
Hotels & personal services,0.04861,0.07121,0.01751,0.02541,0.0553,0.0337,0.04698,0.03295,0.05314,0.04748,0.08841,0.04718,0.05465,0.07846,0.08393,0.04935,0.05172,0.0486,0.04857,0.03964,0.04053,0.05357,0.05199,0.0496,0.05497,0.07103,0.06608,0.06916,0.21145,0.07802,0.05847,0.06375,0.03875,0.05679,0.05203,0.05339,0.05547,0.03985,0.06189,0.05332,0.04436,0.05088,0.04837,0.06233,0.04999,0.05677,0.04281,0.04327,0.04966,0.04371,0.05314,0.06564,0.04593,0.09751,0.05234,0.05597,0.05573,0.05164,0.04883,0.05567,0.04489,0.0735,0.05578,0.06716,0.03565,0.04211,0.07505,0.0303,0.06813,0.11915,0.04346,0.05563,1.07613,0.0,0.03566,0.07116,0.04615,0.038,0.05866,0.0,0.05451,0.06489,0.0,0.0,0.0
Business services,0.0,0.0,0.0,0.0,0.0,0.0,0.0,0.0,0.0,0.0,0.0,0.0,0.0,0.0,0.0,0.0,0.0,0.0,0.0,0.0,0.0,0.0,0.0,0.0,0.0,0.0,0.0,0.0,0.0,0.0,0.0,0.0,0.0,0.0,0.0,0.0,0.0,0.0,0.0,0.0,0.0,0.0,0.0,0.0,0.0,0.0,0.0,0.0,0.0,0.0,0.0,0.0,0.0,0.0,0.0,0.0,0.0,0.0,0.0,0.0,0.0,0.0,0.0,0.0,0.0,0.0,0.0,0.0,0.0,0.0,0.0,0.0,0.0,1.0,0.0,0.0,0.0,0.0,0.0,0.0,0.0,0.0,0.0,0.0,0.0
Eating & drinking places,0.01078,0.0083,0.00536,0.00357,0.00356,0.00418,0.00434,0.003,0.00988,0.00294,0.00945,0.00586,0.00485,0.00887,0.00351,0.00449,0.0044,0.00422,0.00435,0.00938,0.00714,0.00559,0.00502,0.00463,0.00518,0.00582,0.0045,0.00475,0.00564,0.00581,0.00404,0.00425,0.00358,0.00408,0.00404,0.00738,0.00449,0.00381,0.00436,0.005,0.00407,0.00416,0.00497,0.0046,0.0046,0.00482,0.00382,0.00427,0.00447,0.00365,0.00424,0.00514,0.00439,0.00473,0.00417,0.00473,0.00435,0.00493,0.02419,0.00503,0.00487,0.00491,0.00334,0.00443,0.01876,0.00661,0.00373,0.00415,0.01301,0.00642,0.00348,0.01922,0.0123,0.0,1.00658,0.00668,0.00894,0.00855,0.00602,0.0,0.01395,0.00519,0.0,0.0,0.0
Automobile repair & services,0.00158,0.00209,0.00077,0.00096,0.00164,0.00111,0.00142,0.0014,0.00157,0.00144,0.00254,0.00153,0.00186,0.00227,0.00222,0.00156,0.00161,0.00156,0.00155,0.00125,0.00142,0.00169,0.00158,0.00151,0.00164,0.00222,0.00198,0.00213,0.00539,0.00253,0.00183,0.00195,0.00126,0.00171,0.00158,0.00166,0.00158,0.00126,0.00225,0.00177,0.00134,0.00156,0.00164,0.00187,0.00158,0.00177,0.00145,0.00158,0.00167,0.00154,0.00219,0.00212,0.00168,0.00274,0.0017,0.0018,0.00194,0.00167,0.00148,0.00201,0.00154,0.00237,0.00168,0.00204,0.00167,0.00121,0.3321,0.001,0.00347,0.00347,0.00359,0.00205,0.0242,0.0,0.00131,1.25739,0.00262,0.00215,0.00167,0.0,0.023,0.00201,0.0,0.0,0.0
Amusements,0.00923,0.00216,0.00115,0.00138,0.00136,0.00175,0.0016,0.00118,0.00111,0.00274,0.00248,0.00154,0.00288,0.004,0.00118,0.00173,0.00198,0.00192,0.00187,0.00139,0.00147,0.00189,0.00199,0.00157,0.00183,0.00332,0.00205,0.00219,0.00348,0.00262,0.00143,0.00192,0.00159,0.00228,0.00165,0.00206,0.00156,0.00172,0.00176,0.00214,0.00164,0.00184,0.00201,0.00195,0.00204,0.00249,0.00194,0.00235,0.00221,0.00185,0.00253,0.00222,0.00214,0.00202,0.0019,0.00259,0.00258,0.00192,0.00149,0.00268,0.00185,0.00263,0.00201,0.00232,0.00184,0.00153,0.003,0.00135,0.00234,0.01548,0.0019,0.00463,0.00366,0.0,0.00164,0.00413,1.01481,0.00078,0.00243,0.0,0.00922,0.00271,0.0,0.0,0.0
"Medical, educational services & nonprofit orgs",0.00368,0.00371,0.00186,0.00195,0.00369,0.00385,0.00352,0.00276,0.00359,0.00479,0.00448,0.00304,0.00421,0.00469,0.0046,0.00452,0.00457,0.00609,0.00514,0.00342,0.00386,0.00452,0.00445,0.00419,0.00437,0.01729,0.00559,0.00474,0.00702,0.00567,0.00399,0.00429,0.0039,0.00652,0.00444,0.00458,0.00406,0.00381,0.00421,0.00433,0.00346,0.00391,0.00397,0.00449,0.00408,0.00434,0.00356,0.00413,0.00414,0.0035,0.0045,0.00468,0.0038,0.00571,0.00385,0.00445,0.00414,0.00381,0.00434,0.00412,0.00408,0.00509,0.00357,0.00564,0.00462,0.00563,0.00552,0.02321,0.0137,0.02507,0.00593,0.00606,0.01589,0.0,0.00385,0.0083,0.00985,1.00239,0.00632,0.0,0.0054,0.01182,0.0,0.0,0.0
Federal government enterprises,0.00564,0.00542,0.00272,0.00315,0.00939,0.00857,0.00687,0.00515,0.00876,0.01018,0.00596,0.00411,0.00464,0.00672,0.00277,0.00746,0.00689,0.00512,0.00627,0.00622,0.00645,0.0056,0.0054,0.00875,0.00764,0.0051,0.01131,0.00919,0.00561,0.00772,0.00858,0.00662,0.0056,0.00464,0.0101,0.01221,0.01025,0.00926,0.00794,0.00707,0.00655,0.00647,0.00559,0.00559,0.00565,0.00516,0.00468,0.0049,0.0054,0.00544,0.00428,0.00584,0.0053,0.00637,0.0059,0.00399,0.00528,0.00577,0.00601,0.00439,0.00597,0.0048,0.00387,0.00509,0.03438,0.0026,0.00629,0.16916,0.00846,0.00726,0.01084,0.00674,0.00412,0.0,0.01504,0.0053,0.00852,0.00768,1.02288,0.0,0.01788,0.0058,0.0,0.0,0.0
State & local government enterprises,0.03088,0.02947,0.27937,0.03177,0.34469,0.23883,0.01388,0.08124,0.06578,0.10494,0.03509,0.02172,0.03581,0.05965,0.01647,0.06345,0.12406,0.03485,0.04743,0.12297,0.05863,0.04001,0.04701,0.12373,0.06118,0.03135,0.06712,0.05232,0.03519,0.04422,0.08654,0.05699,0.09099,0.04045,0.04457,0.04297,0.09633,0.17839,0.05545,0.05393,0.05669,0.06696,0.0636,0.09521,0.05134,0.04648,0.06203,0.08216,0.06156,0.02828,0.05391,0.04391,0.05805,0.04186,0.05027,0.06646,0.05713,0.07366,0.05435,0.03751,0.06618,0.05612,0.06397,0.11444,0.05801,0.01134,0.01065,0.01914,0.00841,0.01069,0.00631,0.0137,0.01485,0.0,0.01687,0.01768,0.00844,0.05374,0.01136,1.0,0.07853,0.06462,0.0,0.0,0.0
Gross imports of goods & services,0.00806,0.00766,0.01143,0.00863,0.00603,0.00866,0.00735,0.00946,0.00963,0.01041,0.01605,0.01368,0.02347,0.01279,0.01142,0.01148,0.01134,0.01325,0.01229,0.00909,0.0146,0.01437,0.01209,0.0103,0.01047,0.01926,0.01384,0.01745,0.02526,0.02614,0.00876,0.0169,0.00761,0.01219,0.0123,0.01287,0.00906,0.00906,0.03422,0.01863,0.00989,0.01338,0.01824,0.01498,0.01381,0.01563,0.01605,0.019,0.01897,0.01843,0.03601,0.02154,0.02265,0.01844,0.0171,0.01907,0.02548,0.01636,0.01117,0.02278,0.01645,0.0264,0.01408,0.01688,0.00942,0.0096,0.04803,0.0089,0.01676,0.02601,0.00495,0.02061,0.03043,0.0,0.01089,0.03367,0.02058,0.00675,0.0113,0.0,1.01278,0.01677,0.0,0.0,0.0
"Business travel, entertainment, gifts",0.00133,0.00122,0.00092,0.00085,0.00113,0.00147,0.00136,0.00114,0.00144,0.00112,0.0019,0.00124,0.00252,0.00211,0.00112,0.00211,0.00188,0.00252,0.00226,0.00167,0.002,0.00237,0.00246,0.00184,0.00219,0.00393,0.00199,0.00194,0.00261,0.00281,0.00168,0.00204,0.00165,0.00285,0.002,0.00218,0.0018,0.00154,0.00176,0.00226,0.00161,0.00196,0.00204,0.00233,0.00207,0.00233,0.00185,0.00224,0.00206,0.00175,0.00246,0.00226,0.00203,0.0021,0.00182,0.00254,0.00221,0.00184,0.00181,0.00233,0.00195,0.00291,0.00171,0.00272,0.00257,0.00414,0.00253,0.00199,0.00303,0.01663,0.00149,0.00291,0.00488,0.0,0.0016,0.00279,0.00419,0.00156,0.00274,0.0,0.0024,1.00315,0.0,0.0,0.0
Office supplies,0.0,0.0,0.0,0.0,0.0,0.0,0.0,0.0,0.0,0.0,0.0,0.0,0.0,0.0,0.0,0.0,0.0,0.0,0.0,0.0,0.0,0.0,0.0,0.0,0.0,0.0,0.0,0.0,0.0,0.0,0.0,0.0,0.0,0.0,0.0,0.0,0.0,0.0,0.0,0.0,0.0,0.0,0.0,0.0,0.0,0.0,0.0,0.0,0.0,0.0,0.0,0.0,0.0,0.0,0.0,0.0,0.0,0.0,0.0,0.0,0.0,0.0,0.0,0.0,0.0,0.0,0.0,0.0,0.0,0.0,0.0,0.0,0.0,0.0,0.0,0.0,0.0,0.0,0.0,0.0,0.0,0.0,0.0,0.0,0.0
"Scrap, used & secondhand goods",0.0,0.0,0.0,0.0,0.0,0.0,0.0,0.0,0.0,0.0,0.0,0.0,0.0,0.0,0.0,0.0,0.0,0.0,0.0,0.0,0.0,0.0,0.0,0.0,0.0,0.0,0.0,0.0,0.0,0.0,0.0,0.0,0.0,0.0,0.0,0.0,0.0,0.0,0.0,0.0,0.0,0.0,0.0,0.0,0.0,0.0,0.0,0.0,0.0,0.0,0.0,0.0,0.0,0.0,0.0,0.0,0.0,0.0,0.0,0.0,0.0,0.0,0.0,0.0,0.0,0.0,0.0,0.0,0.0,0.0,0.0,0.0,0.0,0.0,0.0,0.0,0.0,0.0,0.0,0.0,0.0,0.0,0.0,0.0,0.0
Government industry,0.0,0.0,0.0,0.0,0.0,0.0,0.0,0.0,0.0,0.0,0.0,0.0,0.0,0.0,0.0,0.0,0.0,0.0,0.0,0.0,0.0,0.0,0.0,0.0,0.0,0.0,0.0,0.0,0.0,0.0,0.0,0.0,0.0,0.0,0.0,0.0,0.0,0.0,0.0,0.0,0.0,0.0,0.0,0.0,0.0,0.0,0.0,0.0,0.0,0.0,0.0,0.0,0.0,0.0,0.0,0.0,0.0,0.0,0.0,0.0,0.0,0.0,0.0,0.0,0.0,0.0,0.0,0.0,0.0,0.0,0.0,0.0,0.0,0.0,0.0,0.0,0.0,0.0,0.0,0.0,0.0,0.0,0.0,0.0,0.0
