RowCode,113FF,211,212,213,22,23,311FT,313TT,315AL,321,322,323,324,325,326,327,331,332,333,334,335,3361MV,3364OT,337,339,42,441,445,452,481,482,483,484,485,486,487OS,493,4A0,511,512,513,514,521CI,523,524,532RL,5411,5412OP,5415,55,561,562,61,621,622,623,624,711AS,713,721,722,81,GFE,GSLE,ORE
111CA,1.3836477987421383,0.0,0.00984952120383037,0.07407407407407407,0.0,1.4245283018867925,11.254287380906087,111.48148148148148,0.0,0.0,0.0,0.0,0.0,8.90391254315305,0.0,0.0,0.0,0.0,0.0,0.0,0.0,0.0,0.0,0.0,2.925,0.013258055632057284,0.014542693610559513,0.07926597535153918,0.008058459938767257,0.0,0.0,0.0,0.0,0.0,0.0,0.4520547945205479,0.0,0.005953123405413373,0.0,0.0,0.0,0.0,0.0006093845216331506,0.0,0.0,0.0,0.0004084967320261438,0.40081261950286806,0.0006155740227762388,0.047736625514403296,0.3272190596668775,0.0,0.26865671641791045,0.0,0.0,0.0,0.0,0.0,0.060656189688447756,0.0031718254402274965,0.08341424172653887,0.005213456620106236,0.0,0.0,0.006382978723404255
113FF,8.869496855345911,0.0,0.036388508891928864,0.0,0.0,0.0,0.32673536846198714,0.0,7.2727272727272725,139.02380952380952,37.84848484848485,0.9183673469387755,0.0,0.1838319907940161,20.091503267973856,0.010101010101010102,0.0,0.0,0.0,0.0,0.0,0.0,0.0,4.32258064516129,3.9,0.0,0.0,0.043596286443346545,0.0,0.0,0.0,0.0,0.0,0.0,0.0,0.0182648401826484,0.0,4.535713070791142e-05,0.0,0.0,0.0,0.0,0.0,0.0,0.0,0.0,0.0,0.0628585086042065,0.0,0.00905349794238683,0.0002108370229812355,0.0,0.09905020352781546,0.0,0.0,0.0,0.0,0.0,0.023986765922249794,0.024171497320354368,0.08541152320452718,0.008459571119417668,0.0,0.0,0.0
211,0.0,2.3965222348916764,0.006019151846785226,0.013468013468013467,1.0368032627694699,0.0,3.8887808671981336e-05,0.0,0.0,0.023809523809523808,0.04040404040404041,0.0,1505.3984168865436,2.315017261219793,0.013071895424836602,0.0,0.06306306306306306,0.0037593984962406013,0.0,0.0,0.0,0.0,0.0,0.0,0.0,0.00019278435692646653,0.00011680878402055835,0.0003257505836364623,8.665010686846513e-05,0.0,0.0,0.0,0.0,0.0,1.0769230769230769,0.0,0.06329113924050633,0.00015874995747768996,0.004812319538017324,0.00034782608695652176,6.771397616468039e-05,0.009569377990430622,0.0,0.0,0.0,0.0,0.0,0.0040630975143403445,0.0,0.03209876543209877,0.0002108370229812355,0.004213483146067416,0.4287652645861601,0.007908611599297012,0.0262891809908999,0.0035650623885918,0.007363770250368188,0.0003746721618583739,0.0013785497656465398,0.0010937329104232746,0.0014979611084912203,0.0023608105449537675,0.0,42.81749049429658,0.5255319148936171
212,0.0031446540880503146,0.01532212086659065,2.5846785225718194,0.3501683501683502,0.4982197190392957,10.97562893081761,0.07077581178300603,5.518518518518518,0.0,0.15476190476190477,24.939393939393938,0.0,10.883905013192612,2.748561565017261,1.3333333333333333,111.92929292929293,158.80180180180182,3.0150375939849625,1.1830985915492958,0.036303630363036306,1.423913043478261,0.6225165562913907,1.6746987951807228,0.6129032258064516,1.4083333333333334,0.00017625998347562655,0.0,0.0,0.0,0.0,0.18331226295828065,0.0,0.011516314779270634,0.001303780964797914,0.0,0.0136986301369863,0.05063291139240506,4.535713070791142e-05,0.06641000962463908,0.011478260869565217,0.009784669555796316,0.4784688995215311,0.0,0.0,0.0,0.0,0.0,0.26649139579349906,0.0,0.053497942386831275,0.0961416824794434,0.06390449438202248,0.4423337856173677,0.0,0.044489383215369056,0.015597147950089126,0.022091310751104567,0.04121393780442113,0.08574579542321478,0.005304604615552882,0.015617631557047353,0.11076136140074759,0.0,14.893536121673003,0.0
213,0.0,0.886830102622577,0.5575923392612859,4.5286195286195285,0.0,0.0,0.0,0.0,0.0,0.0,0.0,0.0,0.0,0.0,0.0,0.0,0.0,0.0,0.0,0.0,0.0,0.0,0.0,0.0,0.0,0.0,0.0,0.0,0.0,0.0,0.0,0.0,0.0,0.0,0.0,0.0,0.0,0.0,0.0,0.0,0.0,0.0,0.0,0.0,0.0,0.0,0.0,0.00884321223709369,0.0,0.0016460905349794238,0.0,0.0,0.0,0.0,0.0,0.0,0.0,0.0,0.0,0.0,0.0,0.0,0.0,0.0,0.0
22,0.18396226415094338,0.3571835803876853,1.1108071135430917,0.8215488215488216,0.813135236615524,3.2154088050314464,0.3259576122885475,51.666666666666664,5.7272727272727275,25.19047619047619,67.86868686868686,27.448979591836736,18.80211081794195,4.472669735327963,35.6078431372549,38.02020202020202,93.12612612612612,16.60902255639098,10.380281690140846,5.1749174917491745,11.08695652173913,19.980132450331126,16.349397590361445,21.06451612903226,8.616666666666667,0.08792619113191959,0.06313514776311178,0.44437808784407407,0.14447461151868754,0.007737216009003306,0.12010113780025285,0.6643356643356644,2.287907869481766,0.09256844850065189,18.4,3.767123287671233,160.83544303797467,0.14989397770697024,1.0192492781520692,0.1297391304347826,0.136545232936078,1.4569377990430623,1.5070079219987813,1.2446483180428134,0.020893726412514357,0.19937888198757764,0.06209150326797386,1.0360898661567877,0.09572176054170514,6.600823045267489,0.46363061353573687,0.363061797752809,9.468113975576662,2.9551845342706504,4.607684529828109,1.0860071301247771,1.8085419734904271,0.11764705882352941,0.3232699200441136,0.3265886470523898,0.5237593275819024,0.5112138500885304,0.0,5.057034220532319,58.804255319148936
23,0.06289308176100629,0.10084093500570125,0.798358413132695,8.565656565656566,0.2429921667637729,0.17452830188679244,0.04052109663620455,3.111111111111111,0.8181818181818182,2.75,6.848484848484849,5.081632653061225,19.65963060686016,0.5,3.784313725490196,3.898989898989899,8.612612612612613,2.6578947368421053,2.5492957746478875,0.8052805280528053,1.7065217391304348,3.2450331125827816,2.4939759036144578,3.870967741935484,1.5583333333333333,0.012244560727072432,0.010804812521901647,0.028177425484553993,0.01510600196406909,0.024688752901456005,2.672566371681416,0.4195804195804196,0.6007677543186181,0.2685788787483703,15.953846153846154,7.301369863013699,11.594936708860759,0.023234190205127625,0.11068334937439846,0.013217391304347827,0.07864978331527628,0.16267942583732056,2.141377209018891,1.3710499490316004,0.022753377454465897,0.02670807453416149,0.013071895424836602,0.17590822179732313,0.010464758387196061,0.4156378600823045,0.07800969850305714,0.026685393258426966,0.9687924016282226,0.35764499121265375,0.4089989888776542,0.11987522281639929,0.3755522827687776,0.029973772948669913,0.052798456024262475,0.044296182872142625,0.043856972454159614,0.3430060987605745,0.0,80.50950570342205,51.58085106382979
311FT,1.1871069182389937,0.0,0.0,0.0,0.0,0.0,8.498113941279408,1.3703703703703705,95.27272727272727,0.38095238095238093,5.898989898989899,15.204081632653061,2.113456464379947,2.9367088607594938,1.326797385620915,4.474747474747475,0.10810810810810811,0.0,0.0,0.0,0.0,0.0,0.0,0.0,0.08333333333333333,0.012404296337097219,0.00029202196005139586,0.24681035886855965,0.04023453295592398,0.061968066399381024,0.0012642225031605564,3.090909090909091,0.04990403071017274,0.0,0.0,0.2694063926940639,0.0,0.026908117792468447,0.09239653512993262,0.0052173913043478265,0.0,0.08133971291866028,0.0,0.0,0.0,0.0,0.0,1.3931644359464628,0.0,0.12345679012345678,0.0,0.0,10.91180461329715,0.025483304042179262,5.367037411526795,3.3970588235294117,14.349042709867453,0.1781566129636568,1.0261924455472842,0.4802581209668599,1.9694304973785681,0.13653354318315955,0.0,0.0,0.0
313TT,0.23427672955974843,0.0,0.0005471956224350205,0.0,0.0,1.5062893081761006,0.006260937196188995,376.7037037037037,174.9090909090909,5.119047619047619,46.64646464646464,5.510204081632653,0.09234828496042216,0.0011507479861910242,21.326797385620914,3.202020202020202,0.0,0.007518796992481203,3.563380281690141,0.0033003300330033004,0.0,23.503311258278146,17.879518072289155,104.16129032258064,17.783333333333335,0.010575599008537592,0.0019273449363392127,0.010586893968185027,0.0841661371382358,0.0,0.0,2.867132867132867,0.023032629558541268,0.0,0.09230769230769231,0.5981735159817352,0.16455696202531644,0.02715758201136196,0.004812319538017324,0.043130434782608695,0.0005417118093174431,0.013157894736842105,0.0,0.0,0.0,0.030434782608695653,0.0,0.07624282982791587,0.0,0.006584362139917695,0.02761965001054185,0.07162921348314606,0.05563093622795115,0.0351493848857645,0.31193124368048536,0.7718360071301248,1.0721649484536082,0.0,0.07044389302453818,0.07710817018484087,0.007018225193486643,0.16230572496557152,0.0,0.030418250950570342,0.07446808510638298
315AL,0.0,0.0,0.0,0.0,3.236874474007898e-05,0.0,0.0010110830254715147,17.11111111111111,287.90909090909093,0.0,0.0,43.12244897959184,0.044854881266490766,0.0,0.013071895424836602,0.010101010101010102,0.0,0.0,0.0,0.0,0.0,19.5364238410596,0.0,0.0,1.3416666666666666,0.006279261911319196,0.005606821632986801,0.0008143764590911558,0.01721448789786841,0.0,0.0,0.0,0.0,0.0,0.0,0.0,0.0,0.00856115842111828,0.06544754571703561,0.0038260869565217392,0.03808911159263272,0.0011961722488038277,0.0,0.0,0.0,0.009109730848861283,0.0,0.025334608030592735,0.0,0.01316872427983539,0.08749736453721274,0.15098314606741572,0.10719131614654002,0.23022847100175747,0.15722952477249746,0.0,2.455081001472754,0.014050206069689023,0.0027570995312930797,0.000601553100732801,0.0023856417653749062,0.0817430651190242,0.0,0.11596958174904944,0.0
321,0.08647798742138364,0.0,0.017783857729138167,0.67003367003367,0.0,29.83490566037736,0.014349601399961113,1.6666666666666667,0.0,223.67857142857142,51.22222222222222,0.04081632653061224,0.0,0.07537399309551208,7.313725490196078,2.474747474747475,2.900900900900901,0.5150375939849624,4.71830985915493,1.3036303630363035,2.8152173913043477,23.70198675496689,4.216867469879518,201.58064516129033,8.041666666666666,0.01487193610575599,0.001693727368298096,0.025625712579401706,0.0027728034197908842,0.0,2.150442477876106,0.0,0.1381957773512476,0.0,0.24615384615384617,0.45662100456621,1.7974683544303798,0.008753926226626903,0.11934552454282965,0.036869565217391306,0.02769501625135428,1.299043062200957,0.0578915295551493,0.0050968399592252805,0.0,0.032401656314699795,0.001940359477124183,0.15320267686424474,0.008002462296091105,0.0024691358024691358,0.10352097828378663,0.016151685393258428,0.04477611940298507,0.21968365553602812,0.15267947421638017,0.00267379679144385,2.1281296023564065,0.0007493443237167478,0.018059001929969672,0.02433555725691786,0.016644012316569114,0.030690537084398978,0.0,0.36311787072243346,6.759574468085106
322,0.0,0.004347206385404789,0.05006839945280438,0.2558922558922559,0.0011652748106428432,1.796383647798742,0.885514291269687,15.074074074074074,0.9090909090909091,9.678571428571429,524.929292929293,255.55102040816325,0.8680738786279684,2.0454545454545454,36.24183006535948,16.78787878787879,16.71171171171171,7.484962406015038,11.629107981220658,2.6204620462046204,15.326086956521738,30.29139072847682,7.746987951807229,45.064516129032256,17.5,0.03574772789865051,0.0025113888564420044,0.07405396601335577,0.010109179134654266,0.0013364282197369346,0.12895069532237674,0.1048951048951049,0.2667946257197697,1.8657105606258149,1.8461538461538463,18.726027397260275,4.468354430379747,0.018891244939845106,3.107795957651588,0.035130434782608695,0.01946776814734561,0.2834928229665072,0.8348567946374162,0.40672782874617736,0.006344691790187606,0.09151138716356108,0.0559640522875817,0.7712715105162524,0.13265620190827948,0.9893004115226337,0.8838288003373392,0.20786516853932585,0.36363636363636365,1.5421792618629173,0.9544994944388271,0.33778966131907306,1.2606774668630338,0.011989509179467965,0.024124620898814446,0.12550585147107077,0.08604954367666232,0.12502459177650993,0.0,0.0741444866920152,0.9382978723404255
323,0.0,0.0007839224629418472,0.0013679890560875513,0.0,0.00012947497896031592,0.025943396226415096,0.0033054637371184134,0.0,0.7272727272727273,0.05952380952380952,0.0,33.51020408163265,0.0079155672823219,0.12514384349827387,0.0,0.0,0.0,0.11278195488721804,0.051643192488262914,0.0,0.043478260869565216,0.039735099337748346,0.0,0.0,0.0,0.05781878270448912,0.0031538371685550753,0.01389869156848906,0.005430073363757148,0.00042202996412745304,0.035398230088495575,0.0,0.3570057581573896,0.04302477183833116,0.23076923076923078,1.8584474885844748,0.3037974683544304,0.03404052659628752,6.911453320500481,0.21356521739130435,0.02248104008667389,5.44976076555024,0.6087751371115173,1.7359836901121304,0.06590822075151781,0.056935817805383024,0.10447303921568628,1.250717017208413,0.0855647891658972,0.8551440329218107,0.6063672780940333,0.011938202247191011,1.4179104477611941,1.9780316344463973,1.20525783619818,0.0855614973262032,2.7584683357879234,0.146309479205695,0.02660601047697822,0.04085092420430931,0.018363893589281255,0.14971473539248475,0.0,0.7642585551330798,0.07765957446808511
324,1.580188679245283,0.5823831242873432,2.807387140902873,18.134680134680135,0.8997539975399754,46.69889937106918,0.1727007583122691,7.407407407407407,1.2727272727272727,14.988095238095237,23.626262626262626,17.551020408163264,97.86015831134564,4.923762945914845,6.7254901960784315,12.363636363636363,38.972972972972975,4.7631578947368425,5.633802816901408,0.9504950495049505,13.271739130434783,5.145695364238411,2.8072289156626504,14.290322580645162,13.941666666666666,0.04502891765353897,0.02391659852820932,0.04489928877789239,0.006960891918433366,2.9750298937891255,12.86346396965866,63.53146853146853,135.6890595009597,4.126466753585397,1.646153846153846,73.17351598173516,5.455696202531645,0.0281100817562281,0.3503368623676612,0.03269565217391304,0.026645449620801735,0.757177033492823,5.273004265691651,3.8460754332313964,0.0010392167587376252,0.3826086956521739,0.005923202614379085,0.6402963671128107,0.2683902739304401,1.5901234567901235,0.9772296015180265,1.4438202247191012,1.4246947082767978,1.2355008787346222,2.8179979777553084,0.5454545454545454,1.2695139911634756,0.034282502810041214,0.1545354287289771,0.07645193043858689,0.10943438098144193,0.4561282707062758,0.0,47.28707224334601,6.604255319148936
325,5.605345911949685,0.5588654503990877,0.8719562243502051,7.121212121212121,0.06803910144364601,8.89937106918239,0.28994750145829284,493.85185185185185,12.545454545454545,34.54761904761905,122.8080808080808,107.51020408163265,68.35883905013192,79.90046029919448,455.03921568627453,49.686868686868685,23.09009009009009,27.44360902255639,18.291079812206572,9.052805280528053,35.76086956521739,76.3841059602649,18.903614457831324,73.35483870967742,65.05,0.020804186174607546,0.002336175680411167,0.0025517129051522884,0.0021084859337993185,7.033832735457551e-05,0.3919089759797724,0.07692307692307693,0.3857965451055662,0.00651890482398957,0.09230769230769231,0.8036529680365296,9.620253164556962,0.010794997108482918,0.9903753609239654,0.06086956521739131,0.02948943661971831,0.6698564593301436,0.07495429616087751,0.16411824668705402,0.0009298255209757698,0.013250517598343685,0.04268790849673203,3.9113288718929256,0.07325330871037242,1.3588477366255145,1.5966687750368964,1.216994382022472,0.7435549525101763,26.20298769771529,9.329625884732053,1.3805704099821747,0.7879234167893961,0.02660172349194455,0.07320099255583126,0.0035546319588756425,0.013564870038003829,0.41933897304741297,0.0,6.596958174904943,13.713829787234042
326,0.17767295597484276,0.006057582668187001,0.4957592339261286,2.946127946127946,0.0009386935974622905,24.967767295597483,0.8110830254715147,15.925925925925926,4.090909090909091,10.797619047619047,38.17171717171717,74.38775510204081,1.5065963060686016,4.12686996547756,141.8562091503268,13.373737373737374,7.801801801801802,9.80451127819549,69.29107981220658,9.28052805280528,30.945652173913043,152.6291390728477,52.10843373493976,144.70967741935485,50.95,0.06752960616909942,0.05542576801775494,0.10690048319669906,0.009849228814048872,0.02454807624674685,0.010113780025284451,0.013986013986013986,1.6775431861804222,0.01694915254237288,2.5692307692307694,19.01826484018265,6.3164556962025316,0.044211863157536654,0.5928777670837344,0.03930434782608696,0.1949146803900325,0.46172248803827753,0.1785496648385131,0.1365953109072375,0.006836952360115955,0.22008281573498964,0.022569444444444444,1.4562619502868068,0.30932594644506,0.20246913580246914,0.43263757115749524,0.28230337078651685,0.835820895522388,7.437609841827768,1.5894843276036401,0.6038324420677362,2.731958762886598,0.005994754589733983,0.0311552247036118,0.008148310182653397,0.17248744764071125,0.6458784182569349,0.0,4.988593155893536,0.48723404255319147
327,0.1179245283018868,0.0588654503990878,0.12558139534883722,2.4646464646464645,0.001488962258043633,47.867924528301884,0.2588761423293797,1.3703703703703705,0.0,7.845238095238095,7.0606060606060606,0.02040816326530612,4.440633245382585,0.5609896432681243,10.673202614379084,132.8080808080808,32.7027027027027,5.684210526315789,12.309859154929578,1.2772277227722773,22.858695652173914,53.63576158940398,4.710843373493976,13.0,8.683333333333334,0.002401542274855412,0.004000700852704124,0.003963298767576958,0.009618161862399631,0.0,0.01390644753476612,0.0,0.04990403071017274,0.0,0.046153846153846156,0.3059360730593607,1.4050632911392404,0.008493122725056413,0.008662175168431183,0.0010434782608695651,0.09138001083423619,1.0861244019138756,0.03717245581962218,0.03771661569826707,0.00038286933216649346,0.05124223602484472,0.0008169934640522876,0.8499043977055449,0.028316405047706987,0.08477366255144032,0.2660763230023192,0.06882022471910113,0.12618724559023067,1.9912126537785588,1.2209302325581395,0.11007130124777184,0.3946980854197349,0.0020606968902210565,0.01695616211745244,0.0051952313245105545,0.051152597852922414,0.13505803659256344,0.0,4.522813688212928,0.14361702127659576
331,0.0,0.34934435575826683,0.20355677154582763,1.9225589225589226,0.00012947497896031592,3.9654088050314464,0.08780867198133385,10.851851851851851,0.0,2.5714285714285716,8.95959595959596,0.4489795918367347,0.036939313984168866,0.01524741081703107,12.392156862745098,11.383838383838384,818.8108108108108,313.2105263157895,251.2582159624413,18.363036303630363,207.6413043478261,288.9867549668874,144.49397590361446,112.03225806451613,47.65833333333333,0.007838061140181768,0.00017521317603083752,0.0,0.0,0.0,1.4462705436156764,0.0,0.0,0.0,0.0,2.146118721461187,0.0,0.006758212475478801,0.03368623676612127,0.0038260869565217392,0.010969664138678224,0.3624401913875598,0.0,0.0,0.0,0.008592132505175983,0.0,0.42495219885277247,0.013234841489689135,0.031275720164609055,0.11321948134092347,0.2773876404494382,0.2130257801899593,0.20650263620386644,0.06673407482305359,0.011586452762923352,0.5743740795287187,0.004121393780442113,0.04728425696167632,0.0009843596193809471,0.002718522011706289,0.09807200472162109,0.0,0.9049429657794676,2.075531914893617
332,0.3160377358490566,0.4709236031927024,0.4051983584131327,3.9225589225589226,0.014760147601476014,68.01729559748428,0.6948084775422905,17.185185185185187,3.4545454545454546,31.488095238095237,74.39393939393939,19.93877551020408,2.1398416886543536,3.351553509781358,51.98039215686274,19.77777777777778,54.972972972972975,166.22556390977442,169.7511737089202,28.537953795379536,115.01086956521739,188.33112582781456,191.95180722891567,167.70967741935485,40.93333333333333,0.01660699531809419,0.00989954444574232,0.011455562191215593,0.005487840101669458,0.011394809031441232,0.504424778761062,16.174825174825173,1.8253358925143954,0.16427640156453716,11.707692307692307,5.059360730593608,10.113924050632912,0.02039936953588316,1.6689124157844082,0.008347826086956521,0.4709507042253521,2.1351674641148324,0.11090798293723339,0.1580020387359837,0.0,0.15196687370600415,0.004391339869281046,1.5728967495219885,0.6334256694367497,0.6477366255144033,0.5549230444866119,1.964185393258427,0.5522388059701493,0.48154657293497366,0.3852376137512639,0.013368983957219251,2.9528718703976438,0.010865492693892843,0.14212848083815827,0.05222574647271137,0.06241504618713418,0.5678733031674208,0.0,7.745247148288973,2.0414893617021277
333,0.35377358490566035,0.553948118586089,1.1214774281805746,16.895622895622896,0.044571761507088754,25.714622641509433,0.14077386739257242,0.9259259259259259,0.8181818181818182,4.630952380952381,12.282828282828282,24.693877551020407,0.19261213720316622,1.3037974683544304,11.640522875816993,1.2525252525252526,15.90990990990991,20.601503759398497,205.21596244131456,1.2013201320132014,21.76086956521739,212.49668874172184,54.19277108433735,3.2903225806451615,16.258333333333333,0.02103001927843569,0.006015652377058755,0.006569303436668657,0.00658540812200335,0.0005627066188366041,0.36536030341340076,0.3776223776223776,0.47024952015355087,0.12777053455019557,3.0,13.990867579908675,22.60759493670886,0.00798285500459241,0.2078922040423484,0.023304347826086955,0.06845882990249187,0.9521531100478469,0.028031687995124923,0.06218144750254842,0.0007110430454520593,0.18074534161490682,0.003982843137254902,0.7473709369024857,0.37611572791628195,0.14156378600823044,0.6632932742989669,2.598314606741573,2.208955223880597,0.43936731107205623,0.2810920121334681,0.0962566844919786,0.23564064801178203,0.004683402023229674,0.014061207609594707,0.0051952313245105545,0.014979611084912203,0.8132992327365729,0.0,2.6387832699619773,0.09680851063829787
334,0.0015723270440251573,0.0038483466362599773,0.012311901504787962,1.202020202020202,0.003107399495047582,6.102987421383648,0.14384600427765895,11.296296296296296,1.0909090909090908,10.130952380952381,7.313131313131313,14.673469387755102,0.7994722955145118,1.2149021864211738,12.209150326797385,4.96969696969697,15.00900900900901,20.296992481203006,40.42723004694836,142.08250825082507,40.92391304347826,110.79470198675497,222.43373493975903,29.387096774193548,16.216666666666665,0.06641696502340953,0.011067632285947903,0.014278733916064932,0.00915602795910115,0.00021101498206372652,0.16434892541087232,0.02097902097902098,0.2687140115163148,0.002607561929595828,0.2923076923076923,0.5981735159817352,2.4936708860759493,0.034947669210445745,2.4032723772858517,0.19478260869565217,0.6851977248104009,5.380382775119617,0.31383302864107254,0.6931702344546381,0.0013126948531422633,0.013768115942028985,0.16493055555555555,1.7253824091778203,2.1037242228377964,6.788477366255144,0.6915454353784525,0.6144662921348315,1.1709633649932158,6.1968365553602816,0.339737108190091,0.12433155080213903,0.4683357879234168,0.0024353690520794303,0.01213123793768955,0.011484195559444384,0.0024966018474853672,0.596596498131025,0.0,3.4391634980988592,0.32340425531914896
335,0.23427672955974843,0.010689851767388826,0.013406292749658003,0.9528619528619529,0.0006150061500615006,28.64622641509434,0.04810421932724091,1.2592592592592593,0.09090909090909091,3.2261904761904763,4.838383838383838,1.3673469387755102,0.21372031662269128,0.29027617951668583,5.189542483660131,0.7070707070707071,18.315315315315317,11.319548872180452,67.96713615023474,10.831683168316832,116.94565217391305,42.450331125827816,28.518072289156628,3.225806451612903,7.316666666666666,0.0031065822087579177,0.0030078261885293773,0.0019545035018187743,0.0005487840101669459,0.00021101498206372652,0.1934260429835651,0.26573426573426573,0.09980806142034548,0.0938722294654498,0.07692307692307693,0.1324200913242009,4.0,0.0030616063227840206,0.0009624639076034649,0.0,0.17480362946912242,0.47129186602870815,0.06459475929311395,0.047910295616717634,0.00038286933216649346,0.04679089026915114,0.0002042483660130719,1.3009082217973231,0.6032625423207141,0.07818930041152264,0.5329959940965634,0.41151685393258425,0.42469470827679784,0.029876977152899824,0.24772497472194135,0.23351158645276293,0.540500736377025,0.005807418508804796,0.03322304935208161,0.02706988953297605,0.014341590612777053,0.23617942160141647,0.0,4.931558935361217,0.5382978723404256
3361MV,0.14779874213836477,0.06506556442417331,0.3149110807113543,2.1885521885521886,0.0012623810448630802,2.4378930817610063,0.21905502624927084,2.8518518518518516,0.0,17.011904761904763,14.555555555555555,3.489795918367347,0.37467018469656993,0.5017261219792866,3.7058823529411766,4.666666666666667,8.08108108108108,6.075187969924812,86.70422535211267,3.772277227722772,8.054347826086957,1170.7350993377484,41.66265060240964,15.451612903225806,7.125,0.03417791242082071,0.30484172409765214,0.06172973559910962,0.013546300040436717,0.0,0.0606826801517067,0.0,8.067178502879079,0.16688396349413298,0.03076923076923077,0.6529680365296804,32.20253164556962,0.03515177629863135,0.8065447545717036,0.021565217391304348,0.04032367280606717,0.17703349282296652,0.02437538086532602,0.014271151885830785,0.0,0.16335403726708075,0.0,0.6708891013384322,0.01138811942136042,0.3950617283950617,1.2156862745098038,0.7801966292134831,0.36906377204884666,0.30052724077328646,0.27553083923154703,0.03787878787878788,2.425625920471281,0.0043087298613713005,0.007995588640749932,0.007109263917751285,0.01153984853948792,2.1687979539641944,0.0,2.406844106463878,0.0
3364OT,0.13522012578616352,0.0,0.002188782489740082,0.0,0.0,0.02279874213836478,0.0,0.0,0.0,0.5,0.0,0.0,0.0,0.0,0.0,0.0,0.0,0.18421052631578946,1.028169014084507,0.0,0.0,3.1324503311258276,772.0,0.0,0.0,2.754062241806665e-05,0.0007300549001284897,0.0,0.0,0.06210874305409017,1.5436156763590392,9.377622377622378,0.007677543186180422,0.009126466753585397,0.0,4.8493150684931505,0.0,0.0,0.0,0.0,0.00010157096424702059,0.0,0.0,0.0,0.0,0.0,0.0,0.05688336520076482,0.0,0.00411522633744856,0.005270925574530887,0.016151685393258428,0.0,0.0,0.0,0.0,0.005891016200294551,0.0,0.0011028398125172319,0.0,0.0,0.00954160928585481,0.0,0.08555133079847908,0.0
337,0.0,0.0,0.0,0.0,0.0,12.37185534591195,0.0,0.0,0.0,3.107142857142857,0.0,0.0,0.0,0.0,1.8496732026143792,0.0,0.0,0.0,1.9248826291079812,0.46204620462046203,0.010869565217391304,0.2052980132450331,2.1927710843373496,118.54838709677419,2.183333333333333,0.0023795097769209583,0.004438733792781217,0.0,0.0006643174859915661,0.0,0.0,0.02097902097902098,0.0,0.0,0.0,0.0593607305936073,0.0,0.011974282506888614,0.0,0.0,0.006703683640303358,0.4677033492822967,0.0,0.0,0.0,0.0,0.0006127450980392157,0.05138623326959847,0.0003077870113881194,0.00411522633744856,0.000421674045962471,0.0,0.0,0.351493848857645,0.028816986855409503,0.000445632798573975,0.16200294550810015,0.03334582240539528,0.06506754893851668,0.00021874658208465494,0.006407944741879109,0.020558725162305724,0.0,1.903041825095057,0.02446808510638298
339,0.0031446540880503146,0.002066704675028506,0.01039671682626539,0.09427609427609428,0.0,0.7955974842767296,0.001516624538207272,0.5185185185185185,16.454545454545453,0.25,0.010101010101010102,0.12244897959183673,0.005277044854881266,0.23647871116225547,0.8104575163398693,1.4242424242424243,0.5225225225225225,0.2857142857142857,15.624413145539906,0.009900990099009901,7.880434782608695,17.966887417218544,1.216867469879518,0.3870967741935484,78.10833333333333,0.009016799779675021,0.0023653778764163064,0.005863510505456322,0.00023106695164924038,0.0,0.0012642225031605564,0.0,0.011516314779270634,0.01694915254237288,0.03076923076923077,1.269406392694064,2.481012658227848,0.01860776287292066,0.010587102983638113,0.001391304347826087,0.006534398699891658,0.14832535885167464,0.12614259597806216,0.0835881753312946,0.000601651807690204,0.009316770186335404,0.00857843137254902,0.3986615678776291,0.019698368728839642,0.012345679012345678,0.4220957200084335,0.36446629213483145,0.5956580732700135,19.669595782073813,11.805864509605662,0.6047237076648841,2.484536082474227,0.024728362682652678,0.07968017645437,0.0029530788581428415,0.017670393076090876,0.23657289002557544,0.0,0.10076045627376426,0.275531914893617
42,0.03773584905660377,0.007767958950969213,0.02243502051983584,0.0,0.03437560691396388,0.01650943396226415,0.12860198327824227,6.888888888888889,3.6363636363636362,3.0238095238095237,14.313131313131313,2.489795918367347,0.23746701846965698,1.4062140391254316,10.77124183006536,2.9494949494949494,11.558558558558559,3.2481203007518795,9.394366197183098,2.570957095709571,18.847826086956523,3.4503311258278146,0.7710843373493976,12.161290322580646,18.908333333333335,0.18819058110713302,0.026398785188646186,0.015527444486671371,0.00028883368956155044,0.0036575930224379263,0.0,0.0,0.07485604606525911,0.0,0.03076923076923077,0.0,0.0,0.07117667736338999,0.5765158806544755,0.009391304347826087,0.0595544420368364,0.08253588516746412,0.007312614259597806,0.03771661569826707,0.0012579992342613357,0.734472049689441,0.0,0.0,0.039396737457679284,0.0,0.00611427366645583,0.047752808988764044,0.016282225237449117,0.2451669595782074,0.05611729019211325,0.0,0.0,0.0,0.013647642679900745,0.0,0.0005270603900246886,0.0031477473932716897,0.0,0.0,0.0
481,0.0,0.00014253135689851768,0.006019151846785226,1.303030303030303,0.02851686411600958,0.3309748427672956,0.020338323935446236,1.3333333333333333,1.0,2.0476190476190474,1.7272727272727273,6.122448979591836,0.5646437994722955,0.08256616800920598,2.7973856209150325,2.4646464646464645,3.036036036036036,2.2969924812030076,2.352112676056338,0.18811881188118812,0.6413043478260869,2.596026490066225,3.072289156626506,8.064516129032258,3.2083333333333335,0.0320242357477279,0.0019273449363392127,0.0018459199739399533,0.001819652244237768,0.011957515650277837,0.03034134007585335,0.6853146853146853,2.0940499040307103,0.009126466753585397,0.046153846153846156,4.273972602739726,1.0253164556962024,0.001485446030684099,0.519730510105871,0.08591304347826087,0.038833965330444205,2.1435406698564594,2.3089579524680075,3.794087665647299,0.036755455887983374,0.11666666666666667,0.15196078431372548,1.2084130019120458,0.7811634349030471,0.28641975308641976,0.9070208728652751,0.34620786516853935,1.0081411126187245,2.586115992970123,0.1511627906976744,0.2054367201426025,0.7614138438880707,0.024915698763581864,0.02495175075820237,0.01580444055561632,0.030708202724070016,0.06206964391107614,0.0,0.14258555133079848,5.8563829787234045
482,0.0,0.0,0.0,0.0,0.004240305560950347,0.0007861635220125787,0.0,0.0,0.0,0.0,0.0,0.02040816326530612,0.0,0.0,0.0,0.0,0.0,0.0,0.0,0.0,0.0,0.0,0.0,0.0,0.008333333333333333,0.0003800605893693197,5.8404392010279176e-05,0.0004886258754546936,0.0,0.0,0.06573957016434892,0.0,7.305182341650672,0.0,0.03076923076923077,1.3059360730593608,0.379746835443038,0.0002267856535395571,0.0,0.0,0.008294962080173348,0.0011961722488038277,0.004875076173065204,0.007135575942915392,0.0030082590384510203,0.0007246376811594203,0.003982843137254902,0.07695984703632887,0.0052323791935980305,0.0008230452674897119,0.01876449504532996,0.0,0.0,0.011423550087873463,0.007077856420626896,0.0,0.0,0.0,0.0,0.0,0.0,0.0003934684241589612,0.0,0.0,0.0
483,0.0,0.0,0.0,0.0,0.0001618437237003949,0.0047169811320754715,0.0,0.0,0.0,0.0,0.0,0.0,0.0,0.0005753739930955121,0.0,0.0,0.0,0.0,0.0,0.0,0.0,0.0,0.0,0.0,0.0,4.9573120352519964e-05,5.8404392010279176e-05,0.0,0.0,0.0,0.0,0.0,0.0,0.0,0.03076923076923077,0.0,0.0,0.0,0.0,0.0,3.385698808234019e-05,0.0,0.0,0.0,0.0,0.0,0.0,0.11711281070745698,0.0,0.03292181069958848,0.0014758591608686486,0.0014044943820224719,0.20488466757123475,0.0026362038664323375,0.01769464105156724,0.0,0.007363770250368188,0.00018733608092918696,0.0,0.0,0.0,0.0010820381664371434,0.0,0.0,0.0
484,0.0,0.0,0.0,0.28619528619528617,0.0,0.0,0.00019443904335990667,0.14814814814814814,0.18181818181818182,0.08333333333333333,0.08080808080808081,0.08163265306122448,0.029023746701846966,0.0037399309551208286,0.058823529411764705,0.04040404040404041,0.02702702702702703,0.18796992481203006,0.0892018779342723,0.45874587458745875,0.010869565217391304,0.039735099337748346,0.04819277108433735,0.12903225806451613,0.14166666666666666,0.011594602038006059,0.027975703772923723,0.06064390032032141,0.03714401247761539,0.036575930224379265,0.08470290771175727,0.8041958041958042,7.99616122840691,0.018252933507170794,0.07692307692307693,9.255707762557078,1.8987341772151898,0.03510641916792344,0.0741097208854668,0.008,6.771397616468039e-05,0.12320574162679426,0.0,0.0,0.0009298255209757698,0.008281573498964804,0.004187091503267974,0.14842256214149138,0.00554016620498615,0.0008230452674897119,0.02024035420619861,0.014044943820224719,0.013568521031207599,0.05711775043936731,0.036905965621840245,0.0053475935828877,0.048600883652430045,0.0016860247283626826,0.00013785497656465398,0.0008749863283386198,0.003522982607007129,0.009935077710013772,0.0,0.015209125475285171,0.0
485,0.0031446540880503146,7.126567844925884e-05,0.0013679890560875513,0.31986531986531985,0.010649317019485984,0.27044025157232704,0.005366517596733424,0.2962962962962963,0.2727272727272727,0.5476190476190477,0.47474747474747475,1.5714285714285714,0.14511873350923482,0.023590333716915997,0.7320261437908496,0.6666666666666666,0.8468468468468469,0.6165413533834586,0.6525821596244131,0.04950495049504951,0.18478260869565216,0.7152317880794702,0.7831325301204819,2.064516129032258,1.0333333333333334,0.0035362159184797576,0.0007008527041233501,0.00027145881969705196,0.0004043671653861706,7.033832735457551e-05,0.4639696586599241,0.0,0.0,0.0,0.015384615384615385,0.7214611872146118,0.06329113924050633,0.0005556248511719149,0.12993262752646775,0.020869565217391306,0.022040899241603466,0.812200956937799,0.8641072516758075,1.0377166156982671,0.02570694087403599,0.0443064182194617,0.06464460784313726,0.6684990439770554,0.2591566635887966,0.09135802469135802,0.3255323634830276,0.08497191011235955,0.36092265943012214,1.1362038664323375,0.538422649140546,0.24910873440285206,0.17525773195876287,0.20232296740352193,0.006065618968844775,0.005304604615552882,0.01084634802629754,0.015542002754278968,0.0,1.2281368821292775,1.8670212765957446
486,0.0,0.01959806157354618,0.0,0.0,0.0,0.0,0.0,0.0,0.0,0.0,0.0,0.0,0.0,0.0,0.0,0.0,0.0,0.0,0.0,0.0,0.0,0.0,0.0,0.0,0.0,0.0,0.0,0.0,0.0,0.0,0.0,0.0,0.0,0.0,0.0,0.0,0.0,0.0,0.0,0.0,0.0,0.0,0.0,0.0,0.0,0.0,0.0,0.0,0.0,0.0,0.0,0.0,0.0,0.0,0.0,0.0,0.0,0.0,0.0,0.0,0.0,0.0,0.0,0.0,0.0
487OS,0.11635220125786164,0.0014965792474344356,0.2429548563611491,0.02356902356902357,0.1850844824237716,0.0,0.01571067470348046,3.111111111111111,0.0,9.892857142857142,4.898989898989899,9.387755102040817,1.7071240105540897,0.041714614499424624,2.718954248366013,8.98989898989899,1.6486486486486487,0.35714285714285715,0.056338028169014086,0.0,0.03260869565217391,0.052980132450331126,0.0,18.64516129032258,1.575,0.203717984026439,0.027333255460810654,0.03610402301970791,0.01253538212697129,1.461278750791306,1.6649810366624527,46.53846153846154,45.91938579654511,0.24902216427640156,7.3538461538461535,116.08219178082192,27.10126582278481,0.06508748256585288,1.6410009624639077,0.1937391304347826,0.006466684723726977,2.988038277511962,0.27117611212675197,2.782874617737003,0.014931903954493245,0.18871635610766047,0.07975898692810457,1.5368068833652007,0.11695906432748537,0.1440329218106996,0.39110267763019185,0.49297752808988765,0.42198100407055633,1.234622144112478,0.8736097067745198,0.1323529411764706,1.2371134020618557,0.08373922817534657,0.07747449682933553,0.006179590943891502,0.009819967266775777,0.11243360220342317,0.0,6.228136882129277,0.0
493,0.0,0.0004988597491448119,0.08673050615595075,0.0,0.0203275716967696,0.0,0.0055609566400933305,4.037037037037037,4.090909090909091,1.5119047619047619,1.5656565656565657,5.530612244897959,0.16358839050131926,0.08630609896432681,1.2875816993464053,1.202020202020202,0.8198198198198198,3.5526315789473686,2.0187793427230045,8.851485148514852,0.717391304347826,0.8874172185430463,1.0481927710843373,2.870967741935484,2.8,0.14746350867529606,0.15418759490713702,0.4947065530159075,0.3373288660389348,0.0013364282197369346,0.0025284450063211127,3.3426573426573425,5.942418426103647,0.07561929595827901,0.35384615384615387,3.0639269406392695,108.62025316455696,0.2623683225799136,0.7468719923002888,0.06434782608695652,0.016285211267605633,1.0777511961722488,0.0,0.0,0.005414866269211836,0.04368530020703934,0.025122549019607844,0.21892925430210325,0.03755001538935057,0.0032921810699588477,0.28062407758802443,0.060393258426966294,0.38670284938941657,0.6274165202108963,0.3786653185035389,0.06818181818181818,0.36524300441826213,0.02959910078681154,0.011855527984560243,0.052991359510007656,0.042248051263557934,0.06925044265197718,0.0,0.16920152091254753,0.06063829787234042
4A0,0.0,0.0,0.0,0.0,0.0,0.0,0.0,0.0,0.0,0.0,0.0,0.0,0.0,0.0,0.0,0.0,0.0,0.0,0.0,0.0,0.0,0.0,0.0,0.0,0.0,0.0,0.008118210489428805,0.0,0.007047542025301831,0.0,0.0,0.0,0.0,0.0,0.0,0.0,0.0,0.0028234813865674856,0.0,0.0,0.0,0.0,0.0,0.0,0.0,0.0,0.0,0.0,0.0,0.0,0.0,0.0,0.0,0.0,0.0,0.0,0.0,0.0,0.0,0.0,0.0,9.83671060397403e-05,0.0,0.0,0.0
511,0.0015723270440251573,0.0014965792474344356,0.0,0.010101010101010102,0.004078461837249951,0.27358490566037735,0.000233326852031888,0.0,0.0,0.21428571428571427,0.050505050505050504,1.2857142857142858,0.013192612137203167,0.017548906789413118,0.0392156862745098,0.020202020202020204,0.15315315315315314,0.20300751879699247,0.17370892018779344,0.21782178217821782,0.043478260869565216,0.09933774834437085,1.4698795180722892,0.2903225806451613,0.3,0.008052877995042689,0.0026573998364677024,0.011455562191215593,0.0023106695164924035,0.00042202996412745304,0.0606826801517067,0.0,0.036468330134357005,0.001303780964797914,0.0,0.7534246575342466,1.7848101265822784,0.007393212305389561,14.333974975938402,0.011130434782608696,0.02112676056338028,1.423444976076555,0.18708104814137722,0.7390417940876657,0.0060712136957829675,0.08612836438923395,0.12234477124183006,0.5791108986615678,0.16035703293321021,1.2962962962962963,0.19312671305081172,0.004213483146067416,0.8900949796472184,1.40597539543058,0.3822042467138524,0.04723707664884135,1.9617083946980853,0.003746721618583739,0.005514199062586159,0.005523351197637537,0.0022469416627368304,0.0517410977769034,0.0,0.32129277566539927,0.2702127659574468
512,0.0,0.0,0.0,0.0,0.0,0.0,0.0,0.0,0.0,0.0,0.0,0.0,0.0,0.0,0.0,0.0,0.0,0.0,0.0,0.0,0.0,0.0,0.0,0.0,0.0,0.00023684935279537318,0.004117509636724682,0.010369726912427385,0.0,0.00021101498206372652,0.0,0.0,0.0019193857965451055,0.0,0.8615384615384616,0.0182648401826484,0.0,0.0009865175928970734,0.02213666987487969,6.644869565217391,1.1252708559046587,0.4126794258373206,0.007312614259597806,0.01529051987767584,0.0,0.06884057971014493,0.0007148692810457516,0.2925430210325048,0.003693444136657433,0.10617283950617284,0.005481762597512123,0.0,0.0814111261872456,0.020210896309314587,0.0025278058645096056,0.18672014260249553,0.6759941089837997,0.015548894717122518,0.0019299696719051558,0.0027343322760581866,0.022580376709478767,0.05764312413928782,0.0,0.0,0.05
513,0.07232704402515723,0.10568700114025086,0.06210670314637483,2.538720538720539,0.04764679225739626,4.302672955974843,0.03585455959556679,2.888888888888889,2.3636363636363638,3.2261904761904763,3.5555555555555554,9.448979591836734,0.3482849604221636,0.27963176064441886,2.7320261437908497,7.91919191919192,3.828828828828829,3.7330827067669174,4.845070422535211,1.7194719471947195,2.347826086956522,3.0,5.289156626506024,7.225806451612903,3.7,0.08971633158909391,0.03515944399018806,0.03702698300667789,0.017763271908035352,0.024196384609973975,0.23135271807838179,0.6153846153846154,2.251439539347409,0.4106910039113429,7.476923076923077,7.82648401826484,7.962025316455696,0.07161890938779213,2.8065447545717035,0.14121739130434782,3.0730972372697725,8.572966507177034,5.4509445460085315,6.5616717635066255,0.14554504184214845,0.205175983436853,0.5376838235294118,2.1627629063097515,0.8261003385657125,3.950617283950617,1.5388994307400379,0.3419943820224719,2.943012211668928,4.763620386643233,1.6299292214357937,0.41622103386809267,1.6215022091310751,0.06313225927313601,0.12751585332230495,0.1947938313463852,0.14069738411606425,0.4134369466850285,0.0,2.94106463878327,9.496808510638298
514,0.0,0.0032069555302166475,0.001094391244870041,0.08754208754208755,0.035443775490386485,0.5086477987421384,0.03142134940696092,4.222222222222222,4.181818181818182,4.7023809523809526,4.848484848484849,5.6938775510204085,0.18997361477572558,0.1688722669735328,2.411764705882353,5.828282828282828,5.7657657657657655,4.890977443609023,5.68075117370892,1.7392739273927393,2.9239130434782608,1.6225165562913908,8.783132530120483,9.96774193548387,3.9166666666666665,0.018914899476728173,0.029465015769185844,0.04967696400456051,0.02327999537866097,0.007033832735457551,0.0012642225031605564,0.0,0.07293666026871401,0.01694915254237288,0.27692307692307694,1.3287671232876712,1.481012658227848,0.03555999047500255,2.447545717035611,0.025391304347826087,0.1141319068255688,7.4413875598086126,3.727605118829982,2.385321100917431,0.040365366734124594,0.7435817805383023,0.24877450980392157,2.0657265774378586,0.5229301323484149,2.9860082304526747,1.9841872232764073,0.3125,4.0,1.0052724077328647,1.0662285136501517,0.11720142602495544,1.3269513991163475,0.05264143874110153,0.05459057071960298,0.02433555725691786,0.06066742489389442,0.41127287035215426,0.0,4.342205323193916,0.44574468085106383
521CI,0.4937106918238994,0.1867873432155074,0.31792065663474695,2.430976430976431,0.27814462355149866,4.090408805031447,0.13952945751506904,12.0,17.09090909090909,7.416666666666667,11.323232323232324,14.020408163265307,3.1319261213720315,1.1829689298043728,8.862745098039216,8.434343434343434,12.45045045045045,6.703007518796992,10.291079812206572,6.9372937293729375,10.554347826086957,14.390728476821192,12.373493975903614,24.225806451612904,13.125,0.13910768383365463,0.06880037378810887,0.15739182366035073,0.060481774594188666,0.09354997538158542,11.5929203539823,4.496503496503497,2.27063339731286,4.400260756192959,10.184615384615384,6.264840182648402,5.113924050632911,0.13344067854267538,2.699711260827719,0.5582608695652174,0.35018282773564463,1.5023923444976077,25.32114564290067,30.058103975535168,0.12437783733522945,1.0565217391304347,0.2496936274509804,2.8150095602294454,0.7663896583564174,16.534156378600823,1.255323634830276,0.3813202247191011,6.211668928086839,3.130052724077329,2.0293225480283112,1.018716577540107,1.7098674521354933,0.13563132259273136,0.23738626964433415,0.2704254621021547,0.14452550694887514,1.2660830218374974,0.0,5.73574144486692,32.95744680851064
523,0.031446540880503145,0.1698261117445838,0.2317373461012312,10.562289562289562,0.01964782805722794,1.1776729559748427,0.004355434571261909,0.25925925925925924,0.18181818181818182,0.4166666666666667,0.12121212121212122,0.6530612244897959,0.17941952506596306,0.007479861910241657,0.38562091503267976,0.47474747474747475,16.45045045045045,7.011278195488722,7.746478873239437,0.33003300330033003,3.891304347826087,8.291390728476822,8.337349397590362,19.032258064516128,8.683333333333334,0.011980170751858992,0.002686602032472842,0.012324230414246158,0.011177863786032003,0.1769008932967574,0.638432364096081,30.195804195804197,0.54510556621881,0.4706649282920469,0.9692307692307692,4.712328767123288,0.35443037974683544,0.008209640658131966,0.30317613089509143,0.06434782608695652,0.007313109425785482,0.1507177033492823,12.24375380865326,32.006116207951074,0.07925395175846414,0.09720496894409938,0.09446486928104575,0.5776768642447419,0.13080947983995075,4.533333333333333,0.27809403331224963,0.030196629213483147,0.9810040705563093,1.2056239015817223,2.017189079878665,0.21212121212121213,1.5390279823269515,0.041401273885350316,0.009925558312655087,0.12397462539647817,0.06638186912258315,0.8198898288412355,0.0,2.6463878326996197,3.9361702127659575
524,1.580188679245283,0.37421607753705816,0.4287277701778386,21.872053872053872,0.01961545931248786,0.36477987421383645,0.13280186661481624,17.14814814814815,20.272727272727273,2.988095238095238,4.626262626262626,2.6122448979591835,0.6279683377308707,0.6855581127733027,4.666666666666667,9.969696969696969,9.36936936936937,4.225563909774436,8.272300469483568,1.9306930693069306,9.923913043478262,6.622516556291391,12.397590361445783,15.03225806451613,5.35,0.11440925364913247,0.034838219834131524,0.053857429827895105,0.0246086303506441,0.03678694520644299,0.029077117572692796,3.2517482517482517,16.520153550863725,1.4993481095176011,8.246153846153845,7.365296803652968,27.443037974683545,0.04661579108505596,0.40230991337824834,0.344,0.058098591549295774,0.7930622009569378,3.4405850091407677,13.198776758409785,17.0920527265766,0.5369565217391304,0.3522263071895425,1.5133843212237095,0.28778085564789163,0.20329218106995886,0.8966898587391946,0.5365168539325843,1.7218453188602443,7.934973637961336,21.01112234580384,0.8021390374331551,4.549337260677467,0.22086923941551143,0.1368899917287014,0.06491304823362135,0.07539737579405809,0.2552626401731261,0.0,11.946768060836503,29.41595744680851
525,0.0,0.0,0.0,0.0,0.0,0.0,0.0,0.0,0.0,0.0,0.0,0.0,0.0,0.0,0.0,0.0,0.0,0.0,0.0,0.0,0.0,0.0,0.0,0.0,0.0,0.0,0.0,0.0,0.0,0.0,0.0,0.0,0.0,0.0,0.0,0.0,0.0,0.0,0.0,0.0,0.0,0.0,0.0,0.0,0.34048022753377455,0.0,0.0,0.0,0.0,0.012345679012345678,0.0,0.0,0.0,0.0,0.0,0.0,0.0,0.0,0.0,0.0,0.0,0.0,0.0,0.0,0.0
532RL,0.23427672955974843,0.3103620296465222,0.46238030095759236,12.393939393939394,0.03421376319026348,10.992138364779874,0.11860781644954307,4.148148148148148,5.090909090909091,3.0357142857142856,7.474747474747475,11.122448979591837,3.253298153034301,1.0451668584579976,5.57516339869281,7.08080808080808,8.585585585585585,7.285714285714286,8.943661971830986,1.7590759075907592,6.989130434782608,14.43046357615894,19.096385542168676,8.419354838709678,14.341666666666667,0.13567612228036355,0.015915196822801073,0.0799717682827515,0.0660562648027266,0.5791657874375747,4.5069532237673835,2.4195804195804196,13.431861804222649,0.788787483702738,2.4153846153846152,7.488584474885845,11.481012658227849,0.07266212339407409,2.3984600577478346,0.8031304347826087,0.36677275189599134,7.320574162679426,3.1005484460694697,6.226299694189603,0.14696712793305255,0.7229813664596273,0.3391544117647059,3.3331739961759084,0.8297937827023699,13.176954732510287,0.9816571790006325,0.9803370786516854,2.4898236092265944,4.452548330404218,2.4004044489383216,0.25980392156862747,0.6701030927835051,0.19576620457100039,0.16335814722911496,0.10045936782237777,0.19121196149685152,0.24680306905370844,0.0,0.6615969581749049,1.7553191489361701
5411,0.1792452830188679,0.23482041049030786,0.2265389876880985,8.141414141414142,0.15501391856023825,4.489779874213837,0.038343379350573595,5.185185185185185,5.7272727272727275,3.130952380952381,3.6464646464646466,5.408163265306122,1.0026385224274406,0.8627733026467204,3.392156862745098,3.5555555555555554,2.990990990990991,5.015037593984962,6.845070422535211,15.353135313531354,2.4456521739130435,9.304635761589404,38.89156626506024,8.290322580645162,9.616666666666667,0.08874690167997797,0.011067632285947903,0.019545035018187742,0.02668823291548726,0.023211648027009917,0.7332490518331226,0.7622377622377622,0.31477927063339733,0.07561929595827901,3.0,2.146118721461187,4.253164556962025,0.03113767023098119,3.3946102021174207,0.20765217391304347,0.12682827735644636,3.574162679425837,3.3424741011578307,8.950050968399593,0.6401575233823771,0.10952380952380952,0.31086601307189543,2.67519120458891,1.3050169282856263,7.4946502057613165,1.202403542061986,0.2717696629213483,0.6160108548168249,5.097539543057996,6.92366026289181,0.6221033868092691,1.0029455081001473,0.24372424128887224,0.2484146677695065,0.06015531007328011,0.08460706260922633,0.2664764902616565,0.0,2.005703422053232,14.443617021276596
5412OP,0.9622641509433962,0.3294612314709236,0.6103967168262654,31.95286195286195,0.30533436913316503,27.54559748427673,0.28819755006805364,26.74074074074074,31.272727272727273,17.61904761904762,19.595959595959595,33.02040816326531,6.836411609498681,3.424913693901036,23.679738562091504,20.505050505050505,32.93693693693694,23.327067669172934,26.009389671361504,26.996699669966997,14.771739130434783,27.344370860927153,82.71084337349397,70.3225806451613,43.05833333333333,0.5084439548333792,0.2477222287115991,0.36706661599435364,0.20703598867771936,0.06654005767742843,2.831858407079646,7.685314685314685,3.8214971209213053,0.5723598435462842,27.646153846153847,8.972602739726028,25.531645569620252,0.41373640703489095,20.43888354186718,2.729391304347826,1.6167727518959913,23.26555023923445,31.04631322364412,37.950050968399594,0.7657933599518678,1.2890269151138716,1.014093137254902,21.729923518164437,6.206525084641428,31.729218106995884,6.150537634408602,1.5751404494382022,6.876526458616011,25.304042179261863,16.364004044489384,3.409090909090909,8.08100147275405,0.787560884226302,0.6614281775572098,0.5122498085967406,0.6991317373574857,1.6175486917174897,0.0,28.880228136882128,54.195744680851064
5415,0.07389937106918239,0.2609036488027366,0.07222982216142271,0.1919191919191919,0.05120735417880495,2.8852201257861636,0.02974917363406572,3.888888888888889,2.1818181818181817,2.5714285714285716,2.6464646464646466,9.122448979591837,0.7018469656992085,0.1380897583429229,3.496732026143791,2.676767676767677,4.054054054054054,5.567669172932331,7.300469483568075,1.6501650165016502,1.108695652173913,2.609271523178808,21.542168674698797,7.096774193548387,4.416666666666667,0.07002478656017626,0.03679476696647588,0.03338943482273739,0.024406446767951014,0.009354997538158542,1.4260429835651074,0.027972027972027972,0.5873320537428023,0.05215123859191656,0.12307692307692308,0.730593607305936,4.531645569620253,0.03673927587340825,2.832531280076997,0.11721739130434783,0.1712486457204767,8.352870813397129,4.909201706276661,7.370030581039756,0.08975551058360225,0.0865424430641822,0.4551674836601307,2.040869980879541,0.9085872576177285,11.534156378600823,1.4461311406282944,0.13974719101123595,2.0027137042062417,4.069420035149385,3.6491405460060666,0.5008912655971479,1.5405007363770251,0.03278381416260772,0.08409153570443893,0.03510882642458712,0.0472967349995839,0.21876844383238245,0.0,6.861216730038023,1.4446808510638298
55,0.0,1.118942417331813,0.9953488372093023,6.589225589225589,0.0005502686605813427,3.0495283018867925,0.5376628426988139,31.962962962962962,46.54545454545455,10.488095238095237,27.434343434343436,17.857142857142858,7.788918205804749,5.741657077100115,13.633986928104575,16.151515151515152,10.342342342342342,23.778195488721803,58.19718309859155,81.97359735973598,15.33695652173913,61.90728476821192,68.59036144578313,15.03225806451613,34.708333333333336,0.3874690167997797,0.02047073939960285,0.16640425647429286,0.519929524579747,0.033410705493423364,0.0012642225031605564,4.510489510489511,9.644913627639156,0.3089960886571056,0.015384615384615385,12.168949771689498,6.7594936708860756,0.21980065541053873,8.556304138594802,0.16591304347826086,0.08660617551462622,1.9880382775119618,2.238269347958562,11.610601427115188,0.07455012853470437,0.4997929606625259,0.7074142156862745,4.284177820267686,1.8725761772853187,0.047736625514403296,5.268817204301075,1.6053370786516854,6.550881953867028,19.421792618629173,3.4711830131445907,1.5138146167557933,2.402061855670103,0.2976770325964781,0.18086572925282604,0.8797987531444821,1.142666925573525,0.8758607121778478,0.0,0.0,1.5957446808510638
561,0.08647798742138364,0.04268814139110604,0.22982216142270862,6.683501683501683,0.37178740208454714,4.82625786163522,0.11981333851837449,11.703703703703704,41.90909090909091,8.023809523809524,16.232323232323232,65.89795918367346,5.277044854881266,1.3987341772151898,12.718954248366012,12.737373737373737,35.450450450450454,24.296992481203006,15.985915492957746,9.643564356435643,6.760869565217392,20.68211920529801,44.25301204819277,14.838709677419354,14.475,0.2806830074359681,0.06713584861581591,0.15983495303762418,0.09257119750447693,0.28360413589364847,1.5018963337547409,21.44055944055944,18.107485604606527,1.4458930899608866,23.83076923076923,24.680365296803654,40.55696202531646,0.16678950889566727,10.434071222329163,0.5370434782608695,0.9931947453954496,13.305023923444976,10.026812918951858,10.290519877675841,0.2497401958103156,1.972360248447205,0.9659926470588235,10.97227533460803,7.133271775931056,5.179423868312758,6.991355682057769,1.6692415730337078,4.204884667571235,23.49384885764499,16.6056622851365,2.909536541889483,5.8379970544918995,0.43387036343199703,0.28232699200441136,0.26484742425899593,0.24078337817969986,0.8594334054692111,0.0,10.844106463878328,64.4404255319149
562,0.015723270440251572,0.09478335233751425,0.10779753761969904,1.6262626262626263,0.024503139768239788,1.8349056603773586,0.05642621038304491,4.185185185185185,0.8181818181818182,1.6428571428571428,3.98989898989899,2.183673469387755,1.8575197889182058,0.6760644418872267,2.320261437908497,2.9292929292929295,4.990990990990991,1.6879699248120301,1.4131455399061033,0.6237623762376238,1.108695652173913,1.6490066225165563,2.4698795180722892,4.709677419354839,1.7916666666666667,0.014827871109887083,0.015885994626795935,0.027037298441826375,0.008087343307723413,0.0016881198565098122,0.0986093552465234,0.25874125874125875,0.6679462571976967,0.03650586701434159,0.26153846153846155,1.1004566210045663,11.050632911392405,0.0166914241005114,0.12704523580365737,0.008695652173913044,0.005924972914409534,0.0861244019138756,0.3546617915904936,0.11213047910295616,0.04474101624459881,0.06418219461697723,0.01235702614379085,0.2880019120458891,0.03755001538935057,0.4872427983539095,0.25363693864642634,5.058988764044944,0.7421981004070556,1.7135325131810193,1.0803842264914054,0.3783422459893048,1.0294550810014726,0.017234919445485202,0.08671078025916736,0.06496773487914251,0.0640794474187911,0.1507967735589219,0.0,5.123574144486692,7.94468085106383
61,0.0,0.0,0.0,0.0,0.008092186185019746,0.008647798742138365,0.0,0.0,0.0,0.0,0.0,0.6938775510204082,0.0712401055408971,0.0,0.006535947712418301,0.0,0.0,0.0,0.0,0.0,0.0,0.0,0.0,0.0,0.0,0.013280088129991739,0.0005548417240976521,0.060100982680927305,0.0,0.01470071041710628,0.056890012642225034,0.0,0.0,0.0,0.24615384615384617,0.1050228310502283,0.0,0.03866695392849449,0.0028873917228103944,0.0,0.0025731310942578548,0.2679425837320574,0.016453382084095063,0.011213047910295617,0.0,0.0,0.0,0.021510516252390057,0.02246845183133272,0.0,0.19945182374024878,0.0,6.0610583446404345,0.0008787346221441124,0.008594539939332659,0.0,0.0,0.2699512926189584,0.035428728977116075,0.0,0.0,0.10594137320480032,0.0,0.013307984790874524,0.0
621,0.0,0.0,0.0,0.0,0.0,0.0,0.0,0.0,0.0,0.0,0.0,0.0,0.0,0.0,0.0,0.0,0.0,0.0,0.0,0.0,0.0,0.0,0.0,0.0,0.0,0.0,0.0,0.0,0.0,0.0,0.0,0.0,0.0,0.0,0.0,0.0,0.0,0.0,0.0,0.0,0.0,0.0,0.0,0.0,0.0,0.0,0.0,0.0057361376673040155,0.0,0.0,0.010752688172043012,0.0,0.0,12.874340949033392,6.387765419615773,0.027629233511586453,0.008836524300441826,0.010865492693892843,0.00013785497656465398,0.0,0.0,0.0027542789691127286,0.0,0.0,0.0
622,0.0,0.0,0.0,0.0,0.0,0.0,0.0,0.0,0.0,0.0,0.0,0.0,0.0,0.0,0.0,0.0,0.0,0.0,0.0,0.0,0.0,0.0,0.0,0.0,0.0,0.0,0.0,0.0,0.0,0.0,0.0,0.0,0.0,0.0,0.0,0.0,0.0,0.0,0.0,0.0,0.0,0.0,0.0,0.0,0.0,0.0,0.0,0.0,0.0,0.0,0.0,0.0,0.0,0.0,0.2077856420626896,0.0,0.0,0.0,0.0,0.0,0.0,0.0,0.0,0.0,0.0
623,0.0,0.0,0.0,0.0,0.0,0.0,0.0,0.0,0.0,0.0,0.0,0.0,0.0,0.0,0.0,0.0,0.0,0.0,0.0,0.0,0.0,0.0,0.0,0.0,0.0,0.0,0.0,0.0,0.0,0.0,0.0,0.0,0.0,0.0,0.0,0.0,0.0,0.0,0.0,0.0,0.0,0.0,0.0,0.0,0.0,0.0,0.0,0.0,0.0,0.0,0.0,0.0,0.0,0.0,0.0,0.0,0.0,0.0,0.0,0.0,0.0,0.0,0.0,0.0,0.0
624,0.0,0.0,0.0,0.0,0.0,0.0,0.0,0.0,0.0,0.0,0.0,0.0,0.0,0.0,0.0,0.0,0.0,0.0,0.0,0.0,0.0,0.0,0.0,0.0,0.0,0.0,0.0,0.0,0.0,0.0,0.0,0.0,0.0,0.0,0.0,0.0,0.0,0.0,0.0,0.0,0.0,0.0,0.0,0.0,0.0,0.0,0.0,0.0,0.0,0.0,0.0,0.0,0.0,0.0,0.0,0.0,0.0,0.0,0.0,0.0,0.0,0.0,0.0,0.0,0.0
711AS,0.0031446540880503146,0.0,0.0,0.08754208754208755,0.004693467987311452,0.07940251572327044,0.0034221271631343572,0.25925925925925924,0.18181818181818182,0.34523809523809523,0.3333333333333333,0.8571428571428571,0.14511873350923482,0.010644418872266973,0.5816993464052288,0.29292929292929293,0.6126126126126126,0.3007518796992481,0.3192488262910798,0.0165016501650165,0.08695652173913043,0.33774834437086093,0.3614457831325301,0.7419354838709677,0.4,0.009391352244560726,0.009607522485690924,0.02763450784515989,0.001270868234070822,0.0,0.29582806573957016,0.0,0.05758157389635317,0.00651890482398957,0.0,1.004566210045662,0.08860759493670886,0.003934731088911315,0.15784408084696824,1.845913043478261,0.7195964247020585,0.28708133971291866,0.6160877513711152,0.5565749235474006,0.005743039982497402,0.029917184265010353,0.06260212418300654,0.7057839388145315,0.12249923053247153,2.0419753086419754,0.25806451612903225,0.04002808988764045,1.3636363636363635,0.5210896309314587,0.27906976744186046,0.07887700534759358,0.27393225331369664,2.601536155863619,0.08712434518886132,0.015585693973531664,0.039890149518710644,0.16604367499508166,0.0,0.030418250950570342,3.356382978723404
713,0.0,0.0,0.00027359781121751026,0.04713804713804714,0.001553699747523791,0.06918238993710692,0.0008555317907835893,0.037037037037037035,0.0,0.08333333333333333,0.06060606060606061,0.22448979591836735,0.029023746701846966,0.0028768699654775605,0.10457516339869281,0.12121212121212122,0.11711711711711711,0.09022556390977443,0.10328638497652583,0.006600660066006601,0.021739130434782608,0.13245033112582782,0.1566265060240964,0.41935483870967744,0.19166666666666668,0.0020875791792894518,8.760658801541876e-05,0.0027145881969705197,5.7766737912310095e-05,0.0,0.0012642225031605564,0.0,0.0,0.0,0.0,0.0091324200913242,0.012658227848101266,0.0032203562802617107,0.025024061597690085,0.0041739130434782605,0.002268418201516793,0.17822966507177032,0.18525289457647776,0.22120285423037717,0.003773997702784007,0.006004140786749482,0.016033496732026142,0.11281070745697896,0.05909510618651893,0.4469135802469136,0.09297912713472485,0.018960674157303372,0.08548168249660787,0.2759226713532513,0.007077856420626896,0.01871657754010695,0.08247422680412371,0.01798426376920195,0.06368899917287014,0.014109154544460243,0.008432966240395018,0.004229785559708834,0.0,0.38783269961977185,0.0
721,0.0,7.126567844925884e-05,0.0035567715458276333,0.7777777777777778,0.02819317666860879,0.330188679245283,0.012794089053081858,0.8888888888888888,0.6363636363636364,1.2380952380952381,1.1111111111111112,5.244897959183674,0.3482849604221636,0.05638665132336018,2.065359477124183,1.5656565656565657,1.990990990990991,1.4661654135338347,1.6009389671361502,0.12211221122112212,0.4673913043478261,1.695364238410596,1.8795180722891567,4.903225806451613,2.5083333333333333,0.01007435968052878,0.0003212241560565355,0.003854715239698138,0.0010109179134654266,0.0,0.021491782553729456,0.0,0.0,0.0,0.1076923076923077,2.1232876712328768,0.21518987341772153,0.001791606662962501,0.3734359961501444,0.06365217391304348,0.03703954496208017,2.3803827751196174,2.470444850700792,2.981651376146789,0.048515013947382814,0.1251552795031056,0.16891339869281047,1.2043499043977055,0.7497691597414589,0.497119341563786,0.7910605102255956,0.3265449438202247,0.7720488466757124,2.4499121265377855,0.09959555106167846,0.14393939393939395,0.21502209131075112,0.01798426376920195,0.015026192445547284,0.02121841846221153,0.03237260395572693,0.042986425339366516,0.0,0.2946768060836502,5.240425531914894
722,0.06446540880503145,0.0010689851767388826,0.016689466484268126,1.531986531986532,0.059461384087525083,0.3663522012578616,0.019677231188022556,2.0,1.7272727272727273,1.880952380952381,1.707070707070707,4.73469387755102,0.8601583113456465,0.08256616800920598,2.3529411764705883,2.0,3.009009009009009,1.781954887218045,2.0985915492957745,0.18811881188118812,0.8369565217391305,2.3311258278145695,2.6265060240963853,6.0,3.175,0.02721013494904985,0.01413386286648756,0.04484499701395298,0.020102824793483912,0.5760005627066188,0.007585335018963337,0.11888111888111888,0.6564299424184261,0.0651890482398957,0.5230769230769231,4.968036529680365,3.8860759493670884,0.026862760661760538,0.3666987487969201,0.11339130434782609,0.03727654387865655,2.4413875598086126,4.093235831809872,3.435270132517839,0.10917245528633157,0.22163561076604554,0.3270016339869281,3.273422562141491,1.064019698368729,2.2205761316872428,1.8547332911659287,0.33075842696629215,2.4491180461329716,14.454305799648505,4.816481294236603,3.5481283422459895,2.857142857142857,0.08167853128512552,0.14323132065067548,0.30646396150060157,0.08862936558573054,0.2498524493409404,0.0,0.8555133079847909,17.175531914893618
81,0.5455974842767296,0.0059863169897377425,0.04322845417236662,3.272727272727273,0.02097494659157118,4.812893081761007,0.0704258215049582,5.592592592592593,1.0909090909090908,4.142857142857143,11.929292929292929,9.081632653061224,2.530343007915567,0.8426352128883774,6.718954248366013,7.181818181818182,15.045045045045045,4.969924812030075,4.394366197183099,2.0957095709570956,2.7934782608695654,5.748344370860927,4.963855421686747,5.967741935483871,3.2583333333333333,0.12842192233544478,0.031947202429622706,0.13491503338943484,0.04829299289469124,0.027291271013575296,0.18963337547408343,0.32867132867132864,21.34165067178503,0.7392438070404173,10.430769230769231,10.922374429223744,13.341772151898734,0.06706051775164704,1.134744947064485,0.07547826086956522,0.15530200433369448,2.0179425837320575,3.724558196221816,3.0417940876656475,0.220696822184543,0.9781573498964803,0.15226715686274508,1.7351816443594645,0.2693136349646045,3.520164609053498,1.5106472696605524,1.538623595505618,1.8005427408412482,5.444639718804921,7.552072800808898,0.7633689839572193,1.279823269513991,0.129261895841139,0.1785221946512269,0.10882642458711583,0.2370384754084718,0.9183553019870155,0.0,5.9600760456273765,5.647872340425532
GFE,0.0047169811320754715,0.0,0.0038303693570451436,0.0,0.008124554929759824,0.008647798742138365,0.0,0.07407407407407407,0.0,0.0,0.0,1.489795918367347,0.2612137203166227,0.014096662830840045,0.0,0.0,0.5135135135135135,0.5977443609022557,2.0657276995305165,0.5511551155115512,3.130434782608696,0.0,0.0,0.0,0.38333333333333336,0.09808868080418617,0.011826889382081533,0.026820131386068733,0.00990699555196118,0.00028135330941830204,0.0,16.083916083916083,4.717850287907869,0.13689700130378096,1.3384615384615384,3.9178082191780823,9.215189873417721,0.03561668688838744,0.7314725697786333,0.096,0.009310671722643554,1.5047846889952152,2.0883607556368067,13.519877675840979,0.012087731772685007,0.1067287784679089,0.050755718954248366,0.6190248565965584,0.06894429055093874,0.14156378600823044,0.2500527092557453,0.08286516853932584,0.9633649932157394,0.8884007029876977,0.8549039433771486,0.13992869875222816,0.6715758468335787,0.024728362682652678,0.011028398125172319,0.05441321229355792,0.09320646897278705,0.1293527444422585,0.0,0.13688212927756654,0.3776595744680851
GSLE,0.006289308176100629,0.0,0.0,0.0,0.08959668544053861,0.0,0.024927085358740036,1.962962962962963,0.5454545454545454,0.6309523809523809,1.7777777777777777,0.7959183673469388,0.7651715039577837,0.31703107019562715,0.8888888888888888,1.2222222222222223,2.1621621621621623,0.7180451127819549,0.5586854460093896,0.2706270627062706,0.5543478260869565,0.6026490066225165,0.6746987951807228,1.1612903225806452,0.6166666666666667,0.00484714954557973,0.004146711832729822,0.011835604538791466,0.00309052047830859,0.00014067665470915102,0.0,0.0,0.14779270633397312,0.003911342894393742,0.09230769230769231,0.3287671232876712,6.810126582278481,0.00649740897390831,0.05871029836381136,0.008695652173913044,0.003148699891657638,0.056220095693779906,0.20292504570383912,0.1325178389398573,0.0025159984685226714,0.08115942028985507,0.04963235294117647,0.21032504780114722,0.04647583871960603,0.21152263374485597,0.18722327640733713,0.05056179775280899,0.10583446404341927,0.45606326889279436,0.3063700707785642,0.11853832442067737,3.106038291605302,0.006369426751592357,0.022883926109732562,0.028163622443399323,0.034647285638991374,0.06688963210702341,0.0,2.3479087452471483,0.5159574468085106
ORE,0.11163522012578617,0.06314139110604333,0.023255813953488372,0.6397306397306397,0.08872272933255648,7.912735849056604,0.07007583122691036,22.037037037037038,31.727272727272727,8.297619047619047,8.666666666666666,26.26530612244898,0.2849604221635884,0.7174913693901036,11.03921568627451,7.282828282828283,3.6036036036036037,11.259398496240602,6.150234741784038,7.333333333333333,3.760869565217391,7.218543046357616,37.01204819277108,48.54838709677419,7.908333333333333,0.2940787661801157,0.26565237705875483,0.645583365003529,0.23834556062619144,0.028838714215375958,0.1529709228824273,1.6993006993006994,6.2840690978886755,0.5436766623207301,4.753846153846154,11.077625570776256,182.84810126582278,0.6266087607297962,5.535129932627527,1.0382608695652173,0.5223456121343445,6.572966507177034,11.864107251675808,18.159021406727827,0.9071815347590658,0.925879917184265,2.0342116013071894,8.835564053537285,1.4410587873191751,14.77283950617284,2.3757115749525615,1.2387640449438202,38.846675712347356,40.7231985940246,14.346814964610719,9.398395721925134,22.169366715758468,1.2901835893593105,1.366969947615109,0.07995187575194138,1.105606258148631,3.910289199291757,0.0,6.944866920152092,111.80744680851063
Other,0.08962264150943396,0.056157354618015964,0.011764705882352941,1.5353535353535352,0.03932802485919596,1.6061320754716981,0.0745868170328602,5.962962962962963,3.3636363636363638,3.4166666666666665,7.292929292929293,7.510204081632653,5.308707124010554,0.6268699654775605,4.7973856209150325,2.7474747474747474,10.108108108108109,3.6052631578947367,7.967136150234742,7.623762376237623,4.065217391304348,13.589403973509933,7.734939759036145,4.838709677419355,4.525,0.029771412833930047,0.0013140988202312814,0.028123133720614583,0.018254289180289988,0.8983611169726384,0.2579013906447535,15.951048951048952,2.2264875239923225,0.020860495436766623,0.7538461538461538,2.050228310502283,0.8481012658227848,0.028087403190874147,0.5553416746871992,0.11234782608695652,0.31825568797399784,0.7452153110047847,1.9323583180987203,23.211009174311926,0.05792266039490237,0.0849896480331263,0.041156045751633986,0.6895315487571702,0.38134810710988,1.1094650205761316,0.29938857263335444,0.07584269662921349,0.7354138398914518,0.0,0.0,0.12165775401069519,0.0,0.04083926564256276,0.030052384891094568,0.03981187793940719,0.0452994535215956,0.22073578595317725,0.0,0.0,1.1361702127659574
T005,25.449685534591193,9.813141391106043,15.765800273597812,193.84511784511784,5.8564446170777495,409.2256289308176,26.28108108108108,1327.1851851851852,839.6363636363636,649.7619047619048,1273.5555555555557,911.0204081632653,1778.461741424802,140.69476409666282,972.3725490196078,571.5151515151515,1832.945945945946,771.0300751879699,1181.0610328638497,416.963696369637,767.8369565217391,2655.1854304635763,1974.8915662650602,1397.032258064516,626.25,3.6203525199669513,1.7116867188412568,4.009012432813942,2.213650280168679,7.551593163114581,49.80657395701643,257.73426573426576,325.10364683301344,18.947848761408082,170.87692307692308,421.42009132420094,780.6455696202531,3.0758598011089817,102.40134744947065,17.01217391304348,12.21499187432286,124.17224880382776,147.4265691651432,250.4118246687054,21.42350817699502,12.924741200828157,9.135825163398692,96.14937858508604,31.234533702677748,145.44115226337448,48.37318153067679,28.61306179775281,129.4708276797829,258.90949033391917,157.1825075834176,36.995098039215684,108.47569955817379,8.057886849007119,6.867245657568239,4.7078092529804225,8.097728092318789,22.368384812118826,0.0,339.2471482889734,520.5287234042553
T00OTOP,1.5330188679245282,1.2655359179019385,0.6246238030095759,6.797979797979798,0.8968408105133683,4.8584905660377355,0.2078942251604122,21.333333333333332,24.818181818181817,6.869047619047619,16.525252525252526,15.020408163265307,7.192612137203167,3.21921749136939,9.019607843137255,12.02020202020202,20.18018018018018,9.721804511278195,14.812206572769954,22.31023102310231,11.108695652173912,18.490066225165563,26.3855421686747,11.32258064516129,13.05,0.059575874414761774,0.08769419460343418,0.15440577664368316,0.08303968574894575,0.21256242526552718,1.3792667509481669,4.181818181818182,6.710172744721689,1.104302477183833,37.95384615384615,8.812785388127853,7.329113924050633,0.11621630815634602,2.5495668912415783,1.257391304347826,0.1260834236186349,2.076555023923445,9.06946983546618,3.923547400611621,0.30684242192200406,0.7019668737060042,0.10774101307189543,1.7894359464627152,0.4450600184672207,5.88559670781893,0.6219692177946448,1.2064606741573034,9.76933514246947,5.898066783831283,4.945904954499494,1.2945632798573976,1.3799705449189985,0.37692019482952416,0.3906810035842294,0.24144153997593787,0.10255485589059336,0.8588432028329727,0.0,0.0,23.213829787234044
T00SUB,0.0,0.0,0.0,0.0,0.0,0.0,0.0,0.18518518518518517,0.0,0.0,0.0,0.0,0.6174142480211082,0.011507479861910242,0.0,0.0,0.0,0.0,0.0,0.0,9.152173913043478,0.0,0.0,0.0,0.0,0.0,0.0,0.0,0.0,0.018217626784835055,2.336283185840708,3.5314685314685317,0.0,0.0,0.0,0.0,0.0,0.0,0.0,0.0,0.025257313109425784,0.0,0.534430225472273,0.0,0.0,0.0,0.0,0.0,0.0,0.0,0.0,0.0,0.0,0.0,1.3761375126390294,0.0,0.0,0.0,0.0,0.0,0.0,0.0,0.0,34.06844106463878,1.995744680851064
T00TOP,1.0,1.0,1.0,1.0,1.0,1.0,1.0,1.0,1.0,1.0,1.0,1.0,1.0,1.0,1.0,1.0,1.0,1.0,1.0,1.0,1.0,1.0,1.0,1.0,1.0,1.0,1.0,1.0,1.0,1.0,1.0,1.0,1.0,1.0,1.0,1.0,1.0,1.0,1.0,1.0,1.0,1.0,1.0,1.0,1.0,1.0,1.0,1.0,1.0,1.0,1.0,1.0,1.0,1.0,1.0,1.0,1.0,1.0,1.0,1.0,1.0,1.0,0.0,1.0,1.0
T018,72.72798742138365,24.84207525655644,33.09329685362517,423.8821548821549,13.940732828380915,844.500786163522,33.8385767062026,1917.7407407407406,1748.2727272727273,956.1190476190476,1809.4646464646464,1694.530612244898,2197.9683377308706,227.44303797468353,1413.9346405228757,1001.959595959596,2424.4054054054054,1288.7706766917292,1898.3004694835681,1168.148514851485,1342.8478260869565,3420.8476821192053,3502.8072289156626,2119.3548387096776,1303.9416666666666,8.116094739741119,5.479237238640346,10.27525924317281,5.089682860608861,12.763311528451853,101.38811630847029,352.3356643356643,570.5431861804223,65.48239895697523,559.6461538461539,853.945205479452,1377.3291139240507,7.655489913708059,284.1135707410972,44.80834782608696,23.846729414951245,264.0023923444976,463.6526508226691,486.7380224260958,42.67942897773888,29.91273291925466,30.345588235294116,267.60946462715106,108.02493074792244,393.1119341563786,138.4819734345351,57.68328651685393,419.0963364993216,762.8435852372584,359.01061678463094,92.1283422459893,248.89543446244477,26.120457100037466,15.519988971601874,10.756425680848738,16.03187328358623,55.66240409207161,0.0,600.6901140684411,946.8393617021277
Used,0.05345911949685535,0.0,0.0,5.811447811447811,0.2500485531171101,1.6029874213836477,0.000116663426015944,1.1481481481481481,0.0,0.0,31.78787878787879,0.0,0.0,0.015535097813578827,0.42483660130718953,1.2828282828282829,315.94594594594594,1.9323308270676691,0.03755868544600939,0.0,0.0,0.0,0.0,0.0,0.5583333333333333,0.0,0.0005840439201027917,0.0,0.0,-0.01533375536329746,0.0,-0.46153846153846156,-0.22072936660268713,0.001303780964797914,2.0615384615384613,9.127853881278538,0.0379746835443038,0.003186338432230777,0.0,0.03373913043478261,0.0,0.0,0.0,0.0,0.0,0.0010351966873706005,0.0,0.0,0.0,0.16049382716049382,0.0,0.0,0.3202170963364993,0.004393673110720563,0.0,0.0,0.0,-0.017609591607343576,0.10380479735318444,0.0,0.0,0.6951603383828447,0.0,0.0,0.0
V001,31.069182389937108,2.4928021664766247,5.174281805745554,123.35353535353535,2.2580436330679095,287.6619496855346,3.573322963251021,413.18518518518516,742.4545454545455,198.28571428571428,294.17171717171715,521.8571428571429,47.382585751978894,25.795454545454547,255.16339869281046,236.16161616161617,281.26126126126127,339.38345864661653,415.07511737089203,431.2343234323432,346.6195652173913,376.3973509933775,861.710843373494,558.1290322580645,385.21666666666664,2.5209198567887636,2.697698866954795,4.497964058852272,2.4368031887239328,2.8536259407751285,28.20227560050569,45.83216783216783,151.04030710172745,22.308996088657107,103.9076923076923,306.6849315068493,450.60759493670884,2.8407624533672,77.6381135707411,10.552347826086956,3.7717361863488623,58.81818181818182,128.65204143814748,207.26605504587155,11.766395011759558,3.16055900621118,11.792585784313726,112.00334608030593,59.267466912896275,213.5102880658436,66.86485346826903,16.9501404494382,218.99321573948438,382.89894551845344,166.75075834175937,50.38903743315508,125.09425625920471,8.2740726863994,5.780397022332506,3.68281745597725,5.969430497378568,24.683946488294314,0.0,174.00380228136882,72.60744680851064
V003,14.676100628930818,11.270595781071837,11.528317373461013,99.88552188552188,4.929403767721888,142.75471698113208,3.7762784367100912,156.03703703703704,141.36363636363637,101.20238095238095,225.21212121212122,246.6326530612245,364.9287598944591,57.73360184119678,177.37254901960785,182.26262626262627,290.009009009009,168.63533834586465,287.3521126760563,297.64026402640263,217.2826086956522,370.7748344370861,639.8192771084338,152.8709677419355,279.425,1.9152464885706417,0.9821574582408598,1.6139312666268526,0.35618970596730404,2.145529999296617,22.0,44.58741258741259,87.68905950095969,23.121251629726206,246.90769230769232,117.02739726027397,138.74683544303798,1.622651351075531,101.52454282964389,15.986782608695652,7.733951787648971,78.93540669856459,178.50457038391224,25.136595310907236,9.182683367062298,13.125465838509317,9.309436274509803,57.66730401529637,17.078177900892584,28.274897119341563,22.621969217794646,10.913623595505618,60.8629579375848,115.13708260105449,30.130940343781596,3.449643493761141,13.945508100147276,9.411577369801424,2.481665288116901,2.124357431915126,1.8621598379982802,7.7513279559315365,0.0,87.44106463878327,330.49042553191487
VABAS,47.278301886792455,15.0289338654504,17.327222982216142,230.03703703703704,8.084288211303166,435.27515723270443,7.557495625121525,590.5555555555555,908.6363636363636,306.35714285714283,535.9090909090909,783.5102040816327,419.50395778364117,86.74827387802071,441.55555555555554,430.44444444444446,591.4504504504505,517.7406015037594,717.2394366197183,751.1848184818482,575.0108695652174,765.6622516556291,1527.9156626506024,722.3225806451613,677.6916666666667,4.495742219774167,3.767550519799089,6.266301102122808,2.8760325804401825,5.211718365337272,51.581542351453855,94.6013986013986,245.43953934740884,46.53455019556714,388.7692307692308,432.5251141552511,596.6835443037975,4.579630112599077,181.71222329162657,27.796521739130434,11.631737540628386,139.83014354066987,316.2260816575259,236.32619775739042,21.255920800743862,16.9879917184265,21.209763071895424,171.460086042065,76.79039704524469,247.67078189300412,90.10879190385832,29.070224719101123,289.62550881953865,503.9340949033392,201.82760364004045,55.13324420677362,140.419734904271,18.062570251030348,8.652743314033637,6.048616427868315,7.934145191267442,33.294117647058826,0.0,261.44296577946767,426.31063829787234
VAPRO,48.278301886792455,16.028933865450398,18.327222982216142,231.03703703703704,9.084288211303166,436.27515723270443,8.557495625121524,591.3703703703703,909.7272727272727,307.35714285714283,536.9090909090909,784.5102040816327,419.8891820580475,87.7367663981588,442.562091503268,431.45454545454544,592.4504504504505,518.7406015037594,718.2394366197183,752.1848184818482,566.8695652173913,766.6622516556291,1528.9156626506024,723.3225806451613,678.6916666666667,5.495742219774167,4.767550519799089,7.266301102122808,3.8760325804401825,6.193571076879792,50.24525916561315,92.06993006993007,246.43953934740884,47.53455019556714,389.75384615384615,433.5251141552511,597.6835443037975,5.579641451881754,182.71222329162657,28.796521739130434,12.606514084507042,140.83014354066987,316.6916514320536,237.32619775739042,22.25586610512498,17.987888198757766,22.20966094771242,172.460086042065,77.79070483225608,248.67078189300412,91.10879190385832,30.070224719101123,290.62550881953865,504.9340949033392,201.4519716885743,56.13324420677362,141.419734904271,19.06238291494942,9.652881169010202,7.048616427868315,8.934117451246914,34.294019279952785,0.0,228.3745247148289,425.3159574468085
